-- MySQL Script generated by MySQL Workbench
-- Sun Jan 17 13:30:03 2021
-- Model: New Model    Version: 1.0
-- MySQL Workbench Forward Engineering

SET @OLD_UNIQUE_CHECKS=@@UNIQUE_CHECKS, UNIQUE_CHECKS=0;
SET @OLD_FOREIGN_KEY_CHECKS=@@FOREIGN_KEY_CHECKS, FOREIGN_KEY_CHECKS=0;
SET @OLD_SQL_MODE=@@SQL_MODE, SQL_MODE='ONLY_FULL_GROUP_BY,STRICT_TRANS_TABLES,NO_ZERO_IN_DATE,NO_ZERO_DATE,ERROR_FOR_DIVISION_BY_ZERO,NO_ENGINE_SUBSTITUTION';

-- -----------------------------------------------------
-- Schema maskyourface
-- -----------------------------------------------------

-- -----------------------------------------------------
-- Schema maskyourface
-- -----------------------------------------------------
CREATE SCHEMA IF NOT EXISTS `maskyourface` DEFAULT CHARACTER SET utf8 ;
USE `maskyourface` ;

-- -----------------------------------------------------
-- Table `maskyourface`.`addresses`
-- -----------------------------------------------------
CREATE TABLE IF NOT EXISTS `maskyourface`.`addresses` (
  `id` INT NOT NULL AUTO_INCREMENT,
  `createdAt` TIMESTAMP NOT NULL DEFAULT CURRENT_TIMESTAMP,
  `updatedAt` TIMESTAMP NULL DEFAULT NULL ON UPDATE CURRENT_TIMESTAMP,
  `street` VARCHAR(255) NOT NULL,
  `streetNumber` VARCHAR(10) NOT NULL,
  `city` VARCHAR(60) NOT NULL,
  `zipCode` VARCHAR(12) NOT NULL,
  PRIMARY KEY (`id`));


-- -----------------------------------------------------
-- Table `maskyourface`.`users`
-- -----------------------------------------------------
CREATE TABLE IF NOT EXISTS `maskyourface`.`users` (
  `id` INT NOT NULL AUTO_INCREMENT,
  `createdAt` TIMESTAMP NOT NULL DEFAULT CURRENT_TIMESTAMP,
  `updatedAt` TIMESTAMP NULL DEFAULT NULL ON UPDATE CURRENT_TIMESTAMP,
  `firstName` VARCHAR(50) NOT NULL,
  `lastName` VARCHAR(50) NOT NULL,
  `secondName` VARCHAR(50) NULL,
  `gender` ENUM('u', 'm', 'f') NULL,
  `phone` VARCHAR(26) NULL,
  `addressID` INT NOT NULL,
  `birthDate` DATE NOT NULL,
  `role` ENUM('admin', 'user') NULL,
  PRIMARY KEY (`id`),
  INDEX `fk_user_address_idx` (`addressID` ASC),
  CONSTRAINT `fk_user_address`
    FOREIGN KEY (`addressID`)
    REFERENCES `maskyourface`.`addresses` (`id`)
    ON DELETE NO ACTION
    ON UPDATE NO ACTION);


-- -----------------------------------------------------
-- Table `maskyourface`.`logins`
-- -----------------------------------------------------
CREATE TABLE IF NOT EXISTS `maskyourface`.`logins` (
  `id` INT NOT NULL AUTO_INCREMENT,
  `createdAt` TIMESTAMP NOT NULL DEFAULT CURRENT_TIMESTAMP,
  `updatedAt` TIMESTAMP NULL DEFAULT NULL ON UPDATE CURRENT_TIMESTAMP,
  `validated` TINYINT NOT NULL,
  `enabled` TINYINT NOT NULL,
  `email` VARCHAR(320) NOT NULL,
  `lastActive` TIMESTAMP NULL,
  `lastLogin` TIMESTAMP NULL,
  `failedLoginCount` TINYINT NOT NULL,
  `passwordHash` VARCHAR(255) NOT NULL,
  `passwordResetHash` VARCHAR(60) NULL,
  `passwordResetCreatedAt` TIMESTAMP NULL,
  `userID` INT NOT NULL,
  PRIMARY KEY (`id`),
  INDEX `fk_login_user1_idx` (`userID` ASC),
  UNIQUE INDEX `username_UNIQUE` (`email` ASC),
  CONSTRAINT `fk_login_user1`
    FOREIGN KEY (`userID`)
    REFERENCES `maskyourface`.`users` (`id`)
    ON DELETE NO ACTION
    ON UPDATE NO ACTION);


-- -----------------------------------------------------
-- Table `maskyourface`.`categories`
-- -----------------------------------------------------
CREATE TABLE IF NOT EXISTS `maskyourface`.`categories` (
  `id` INT NOT NULL AUTO_INCREMENT,
  `createdAt` TIMESTAMP NOT NULL DEFAULT CURRENT_TIMESTAMP,
  `updatedAt` TIMESTAMP NULL DEFAULT NULL ON UPDATE CURRENT_TIMESTAMP,
  `categoryName` VARCHAR(45) NOT NULL,
  PRIMARY KEY (`id`),
  UNIQUE INDEX `categoryName_UNIQUE` (`categoryName` ASC));


-- -----------------------------------------------------
-- Table `maskyourface`.`vendors`
-- -----------------------------------------------------
CREATE TABLE IF NOT EXISTS `maskyourface`.`vendors` (
  `id` INT NOT NULL AUTO_INCREMENT,
  `createdAt` TIMESTAMP NOT NULL DEFAULT CURRENT_TIMESTAMP,
  `updatedAt` TIMESTAMP NULL DEFAULT NULL ON UPDATE CURRENT_TIMESTAMP,
  `vendorName` VARCHAR(50) NOT NULL,
  PRIMARY KEY (`id`));


-- -----------------------------------------------------
-- Table `maskyourface`.`products`
-- -----------------------------------------------------
CREATE TABLE IF NOT EXISTS `maskyourface`.`products` (
  `id` INT NOT NULL AUTO_INCREMENT,
  `createdAt` TIMESTAMP NOT NULL DEFAULT CURRENT_TIMESTAMP,
  `updatedAt` TIMESTAMP NULL DEFAULT NULL ON UPDATE CURRENT_TIMESTAMP,
  `productName` VARCHAR(120) NOT NULL,
  `catchPhrase` VARCHAR(150) NULL,
  `productDescription` VARCHAR(5000) NOT NULL,
  `standardPrice` DECIMAL(7,2) NOT NULL,
  `categoryID` INT NOT NULL,
  `vendorID` INT NOT NULL,
  `isHidden` TINYINT NULL,
  PRIMARY KEY (`id`),
  UNIQUE INDEX `productName_UNIQUE` (`productName` ASC),
  INDEX `fk_products_categories1_idx` (`categoryID` ASC),
  INDEX `fk_products_vendor1_idx` (`vendorID` ASC),
  CONSTRAINT `fk_products_categories1`
    FOREIGN KEY (`categoryID`)
    REFERENCES `maskyourface`.`categories` (`id`)
    ON DELETE NO ACTION
    ON UPDATE NO ACTION,
  CONSTRAINT `fk_products_vendor1`
    FOREIGN KEY (`vendorID`)
    REFERENCES `maskyourface`.`vendors` (`id`)
    ON DELETE NO ACTION
    ON UPDATE NO ACTION);


-- -----------------------------------------------------
-- Table `maskyourface`.`images`
-- -----------------------------------------------------
CREATE TABLE IF NOT EXISTS `maskyourface`.`images` (
  `id` INT NOT NULL AUTO_INCREMENT,
  `createdAt` TIMESTAMP NOT NULL DEFAULT CURRENT_TIMESTAMP,
  `updatedAt` TIMESTAMP NULL DEFAULT NULL ON UPDATE CURRENT_TIMESTAMP,
  `imageName` VARCHAR(150) NULL,
  `imageURL` VARCHAR(256) NOT NULL,
  `thumbnailURL` VARCHAR(45) NOT NULL,
  PRIMARY KEY (`id`));


-- -----------------------------------------------------
-- Table `maskyourface`.`productImages`
-- -----------------------------------------------------
CREATE TABLE IF NOT EXISTS `maskyourface`.`productImages` (
  `id` INT NOT NULL AUTO_INCREMENT,
  `createdAt` TIMESTAMP NOT NULL DEFAULT CURRENT_TIMESTAMP,
  `updatedAt` TIMESTAMP NULL DEFAULT NULL ON UPDATE CURRENT_TIMESTAMP,
  `imagesID` INT NOT NULL,
  `productsID` INT NOT NULL,
  PRIMARY KEY (`id`),
  INDEX `fk_productImages_Images1_idx` (`imagesID` ASC),
  INDEX `fk_productImages_products1_idx` (`productsID` ASC),
  CONSTRAINT `fk_productImages_Images1`
    FOREIGN KEY (`imagesID`)
    REFERENCES `maskyourface`.`images` (`id`)
    ON DELETE NO ACTION
    ON UPDATE NO ACTION,
  CONSTRAINT `fk_productImages_products1`
    FOREIGN KEY (`productsID`)
    REFERENCES `maskyourface`.`products` (`id`)
    ON DELETE NO ACTION
    ON UPDATE NO ACTION);


-- -----------------------------------------------------
-- Table `maskyourface`.`orders`
-- -----------------------------------------------------
CREATE TABLE IF NOT EXISTS `maskyourface`.`orders` (
  `id` INT NOT NULL AUTO_INCREMENT,
  `createdAt` TIMESTAMP NOT NULL DEFAULT CURRENT_TIMESTAMP,
  `updatedAt` TIMESTAMP NULL DEFAULT NULL ON UPDATE CURRENT_TIMESTAMP,
  `shippingDate` TIMESTAMP NULL,
  `cancellationDate` TIMESTAMP NULL,
  `loginID` INT NOT NULL,
  PRIMARY KEY (`id`),
  INDEX `fk_orders_login1_idx` (`loginID` ASC),
  CONSTRAINT `fk_orders_login1`
    FOREIGN KEY (`loginID`)
    REFERENCES `maskyourface`.`logins` (`id`)
    ON DELETE NO ACTION
    ON UPDATE NO ACTION);


-- -----------------------------------------------------
-- Table `maskyourface`.`orderItems`
-- -----------------------------------------------------
CREATE TABLE IF NOT EXISTS `maskyourface`.`orderItems` (
  `id` INT NOT NULL AUTO_INCREMENT,
  `createdAt` TIMESTAMP NOT NULL DEFAULT CURRENT_TIMESTAMP,
  `updatedAt` TIMESTAMP NULL DEFAULT NULL ON UPDATE CURRENT_TIMESTAMP,
  `productsID` INT NOT NULL,
  `ordersID` INT NOT NULL,
  `quantity` INT NULL DEFAULT 1,
  `actualPrice` DECIMAL(8,2) NULL,
  PRIMARY KEY (`id`),
  INDEX `fk_orderItems_products1_idx` (`productsID` ASC),
  INDEX `fk_orderItems_orders1_idx` (`ordersID` ASC),
  CONSTRAINT `fk_orderItems_products1`
    FOREIGN KEY (`productsID`)
    REFERENCES `maskyourface`.`products` (`id`)
    ON DELETE NO ACTION
    ON UPDATE NO ACTION,
  CONSTRAINT `fk_orderItems_orders1`
    FOREIGN KEY (`ordersID`)
    REFERENCES `maskyourface`.`orders` (`id`)
    ON DELETE NO ACTION
    ON UPDATE NO ACTION);


SET SQL_MODE=@OLD_SQL_MODE;
SET FOREIGN_KEY_CHECKS=@OLD_FOREIGN_KEY_CHECKS;
SET UNIQUE_CHECKS=@OLD_UNIQUE_CHECKS;

-- phpMyAdmin SQL Dump
-- version 5.0.2
-- https://www.phpmyadmin.net/
--
-- Host: 127.0.0.1
-- Erstellungszeit: 17. Jan 2021 um 14:42
-- Server-Version: 10.4.14-MariaDB
-- PHP-Version: 7.4.9

SET SQL_MODE = "NO_AUTO_VALUE_ON_ZERO";
START TRANSACTION;
SET time_zone = "+00:00";


/*!40101 SET @OLD_CHARACTER_SET_CLIENT=@@CHARACTER_SET_CLIENT */;
/*!40101 SET @OLD_CHARACTER_SET_RESULTS=@@CHARACTER_SET_RESULTS */;
/*!40101 SET @OLD_COLLATION_CONNECTION=@@COLLATION_CONNECTION */;
/*!40101 SET NAMES utf8mb4 */;

--
-- Datenbank: `maskyourface`
--
USE `maskyourface` ;

--
-- Daten für Tabelle `categories`
--

INSERT INTO `categories` (`id`, `createdAt`, `updatedAt`, `categoryName`) VALUES
(1, '2021-01-17 13:04:19', NULL, 'Motiv-Masken'),
(2, '2021-01-17 13:04:19', NULL, 'Muster-Masken'),
(3, '2021-01-17 13:04:19', NULL, 'Logo-Masken');

--
-- Daten für Tabelle `vendors`
--

INSERT INTO `vendors` (`id`, `createdAt`, `updatedAt`, `vendorName`) VALUES
(1, '2021-01-17 13:03:49', NULL, 'Ilon Mask'),
(2, '2021-01-17 13:03:49', NULL, 'Masken Buildner');

--
-- Daten für Tabelle `products`
--

INSERT INTO `products` (`id`, `createdAt`, `updatedAt`, `productName`, `catchPhrase`, `productDescription`, `standardPrice`, `categoryID`, `vendorID`, `isHidden`) VALUES
(1, '2021-01-17 13:09:22', '2021-01-17 13:11:18', 'Avartos-Maske (schwarz)', 'Hier könnte Ihre CatchPhrase stehen', 'Lorem ipsum dolor sit amet, consetetur sadipscing elitr, sed diam nonumy eirmod tempor invidunt ut labore et dolore magna aliquyam erat, sed diam voluptua. At vero eos et accusam et justo duo dolores et ea rebum. Stet clita kasd gubergren, no sea takimata sanctus est Lorem ipsum dolor sit amet. Lorem ipsum dolor sit amet, consetetur sadipscing elitr, sed diam nonumy eirmod tempor invidunt ut labore et dolore magna aliquyam erat, sed diam voluptua. At vero eos et accusam et justo duo dolores et ea rebum. Stet clita kasd gubergren, no sea takimata sanctus est Lorem ipsum dolor sit amet. Lorem ipsum dolor sit amet, consetetur sadipscing elitr, sed diam nonumy eirmod tempor invidunt ut labore et dolore magna aliquyam erat, sed diam voluptua. At vero eos et accusam et justo duo dolores et ea rebum. Stet clita kasd gubergren, no sea takimata sanctus est Lorem ipsum dolor sit amet. \r\n\r\nDuis autem vel eum iriure dolor in hendrerit in vulputate velit esse molestie consequat, vel illum dolore eu feugiat nulla facilisis at vero eros et accumsan et iusto odio dignissim qui blandit praesent luptatum zzril delenit augue duis dolore te feugait nulla facilisi. Lorem ipsum dolor sit amet, consectetuer adipiscing elit, sed diam nonummy nibh euismod tincidunt ut laoreet dolore magna aliquam erat volutpat. \r\n\r\nUt wisi enim ad minim veniam, quis nostrud exerci tation ullamcorper suscipit lobortis nisl ut aliquip ex ea commodo consequat. Duis autem vel eum iriure dolor in hendrerit in vulputate velit esse molestie consequat, vel illum dolore eu feugiat nulla facilisis at vero eros et accumsan et iusto odio dignissim qui blandit praesent luptatum zzril delenit augue duis dolore te feugait nulla facilisi. \r\n\r\nNam liber tempor cum soluta nobis eleifend option congue nihil imperdiet doming id quod mazim placerat facer possim assum. Lorem ipsum dolor sit amet, consectetuer adipiscing elit, sed diam nonummy nibh euismod tincidunt ut laoreet dolore magna aliquam erat volutpat. Ut wisi enim ad minim veniam, quis nostrud exerci tation ullamcorper suscipit lobortis nisl ut aliquip ex ea commodo consequat. \r\n\r\nDuis autem vel eum iriure dolor in hendrerit in vulputate velit esse molestie consequat, vel illum dolore eu feugiat nulla facilisis. ', '10.99', 3, 1, 0),
(2, '2021-01-17 13:09:47', NULL, 'Avartos-Maske (gold)', 'Hier könnte Ihre CatchPhrase stehen', 'Lorem ipsum dolor sit amet, consetetur sadipscing elitr, sed diam nonumy eirmod tempor invidunt ut labore et dolore magna aliquyam erat, sed diam voluptua. At vero eos et accusam et justo duo dolores et ea rebum. Stet clita kasd gubergren, no sea takimata sanctus est Lorem ipsum dolor sit amet. Lorem ipsum dolor sit amet, consetetur sadipscing elitr, sed diam nonumy eirmod tempor invidunt ut labore et dolore magna aliquyam erat, sed diam voluptua. At vero eos et accusam et justo duo dolores et ea rebum. Stet clita kasd gubergren, no sea takimata sanctus est Lorem ipsum dolor sit amet. Lorem ipsum dolor sit amet, consetetur sadipscing elitr, sed diam nonumy eirmod tempor invidunt ut labore et dolore magna aliquyam erat, sed diam voluptua. At vero eos et accusam et justo duo dolores et ea rebum. Stet clita kasd gubergren, no sea takimata sanctus est Lorem ipsum dolor sit amet. \r\n\r\nDuis autem vel eum iriure dolor in hendrerit in vulputate velit esse molestie consequat, vel illum dolore eu feugiat nulla facilisis at vero eros et accumsan et iusto odio dignissim qui blandit praesent luptatum zzril delenit augue duis dolore te feugait nulla facilisi. Lorem ipsum dolor sit amet, consectetuer adipiscing elit, sed diam nonummy nibh euismod tincidunt ut laoreet dolore magna aliquam erat volutpat. \r\n\r\nUt wisi enim ad minim veniam, quis nostrud exerci tation ullamcorper suscipit lobortis nisl ut aliquip ex ea commodo consequat. Duis autem vel eum iriure dolor in hendrerit in vulputate velit esse molestie consequat, vel illum dolore eu feugiat nulla facilisis at vero eros et accumsan et iusto odio dignissim qui blandit praesent luptatum zzril delenit augue duis dolore te feugait nulla facilisi. \r\n\r\nNam liber tempor cum soluta nobis eleifend option congue nihil imperdiet doming id quod mazim placerat facer possim assum. Lorem ipsum dolor sit amet, consectetuer adipiscing elit, sed diam nonummy nibh euismod tincidunt ut laoreet dolore magna aliquam erat volutpat. Ut wisi enim ad minim veniam, quis nostrud exerci tation ullamcorper suscipit lobortis nisl ut aliquip ex ea commodo consequat. \r\n\r\nDuis autem vel eum iriure dolor in hendrerit in vulputate velit esse molestie consequat, vel illum dolore eu feugiat nulla facilisis. ', '999.99', 3, 1, 0),
(3, '2021-01-17 13:12:18', NULL, 'Avartos-Maske (rot)', 'Hier könnte Ihre CatchPhrase stehen', 'Lorem ipsum dolor sit amet, consetetur sadipscing elitr, sed diam nonumy eirmod tempor invidunt ut labore et dolore magna aliquyam erat, sed diam voluptua. At vero eos et accusam et justo duo dolores et ea rebum. Stet clita kasd gubergren, no sea takimata sanctus est Lorem ipsum dolor sit amet. Lorem ipsum dolor sit amet, consetetur sadipscing elitr, sed diam nonumy eirmod tempor invidunt ut labore et dolore magna aliquyam erat, sed diam voluptua. At vero eos et accusam et justo duo dolores et ea rebum. Stet clita kasd gubergren, no sea takimata sanctus est Lorem ipsum dolor sit amet. Lorem ipsum dolor sit amet, consetetur sadipscing elitr, sed diam nonumy eirmod tempor invidunt ut labore et dolore magna aliquyam erat, sed diam voluptua. At vero eos et accusam et justo duo dolores et ea rebum. Stet clita kasd gubergren, no sea takimata sanctus est Lorem ipsum dolor sit amet. \r\n\r\nDuis autem vel eum iriure dolor in hendrerit in vulputate velit esse molestie consequat, vel illum dolore eu feugiat nulla facilisis at vero eros et accumsan et iusto odio dignissim qui blandit praesent luptatum zzril delenit augue duis dolore te feugait nulla facilisi. Lorem ipsum dolor sit amet, consectetuer adipiscing elit, sed diam nonummy nibh euismod tincidunt ut laoreet dolore magna aliquam erat volutpat. \r\n\r\nUt wisi enim ad minim veniam, quis nostrud exerci tation ullamcorper suscipit lobortis nisl ut aliquip ex ea commodo consequat. Duis autem vel eum iriure dolor in hendrerit in vulputate velit esse molestie consequat, vel illum dolore eu feugiat nulla facilisis at vero eros et accumsan et iusto odio dignissim qui blandit praesent luptatum zzril delenit augue duis dolore te feugait nulla facilisi. \r\n\r\nNam liber tempor cum soluta nobis eleifend option congue nihil imperdiet doming id quod mazim placerat facer possim assum. Lorem ipsum dolor sit amet, consectetuer adipiscing elit, sed diam nonummy nibh euismod tincidunt ut laoreet dolore magna aliquam erat volutpat. Ut wisi enim ad minim veniam, quis nostrud exerci tation ullamcorper suscipit lobortis nisl ut aliquip ex ea commodo consequat. \r\n\r\nDuis autem vel eum iriure dolor in hendrerit in vulputate velit esse molestie consequat, vel illum dolore eu feugiat nulla facilisis. ', '10.99', 3, 1, 0),
(4, '2021-01-17 13:12:36', NULL, 'Avartos-Maske (weiß)', 'Hier könnte Ihre CatchPhrase stehen', 'Lorem ipsum dolor sit amet, consetetur sadipscing elitr, sed diam nonumy eirmod tempor invidunt ut labore et dolore magna aliquyam erat, sed diam voluptua. At vero eos et accusam et justo duo dolores et ea rebum. Stet clita kasd gubergren, no sea takimata sanctus est Lorem ipsum dolor sit amet. Lorem ipsum dolor sit amet, consetetur sadipscing elitr, sed diam nonumy eirmod tempor invidunt ut labore et dolore magna aliquyam erat, sed diam voluptua. At vero eos et accusam et justo duo dolores et ea rebum. Stet clita kasd gubergren, no sea takimata sanctus est Lorem ipsum dolor sit amet. Lorem ipsum dolor sit amet, consetetur sadipscing elitr, sed diam nonumy eirmod tempor invidunt ut labore et dolore magna aliquyam erat, sed diam voluptua. At vero eos et accusam et justo duo dolores et ea rebum. Stet clita kasd gubergren, no sea takimata sanctus est Lorem ipsum dolor sit amet. \r\n\r\nDuis autem vel eum iriure dolor in hendrerit in vulputate velit esse molestie consequat, vel illum dolore eu feugiat nulla facilisis at vero eros et accumsan et iusto odio dignissim qui blandit praesent luptatum zzril delenit augue duis dolore te feugait nulla facilisi. Lorem ipsum dolor sit amet, consectetuer adipiscing elit, sed diam nonummy nibh euismod tincidunt ut laoreet dolore magna aliquam erat volutpat. \r\n\r\nUt wisi enim ad minim veniam, quis nostrud exerci tation ullamcorper suscipit lobortis nisl ut aliquip ex ea commodo consequat. Duis autem vel eum iriure dolor in hendrerit in vulputate velit esse molestie consequat, vel illum dolore eu feugiat nulla facilisis at vero eros et accumsan et iusto odio dignissim qui blandit praesent luptatum zzril delenit augue duis dolore te feugait nulla facilisi. \r\n\r\nNam liber tempor cum soluta nobis eleifend option congue nihil imperdiet doming id quod mazim placerat facer possim assum. Lorem ipsum dolor sit amet, consectetuer adipiscing elit, sed diam nonummy nibh euismod tincidunt ut laoreet dolore magna aliquam erat volutpat. Ut wisi enim ad minim veniam, quis nostrud exerci tation ullamcorper suscipit lobortis nisl ut aliquip ex ea commodo consequat. \r\n\r\nDuis autem vel eum iriure dolor in hendrerit in vulputate velit esse molestie consequat, vel illum dolore eu feugiat nulla facilisis. ', '10.99', 3, 1, 0),
(5, '2021-01-17 13:12:58', '2021-01-17 13:41:11', 'Batman-Maske (schwarz-rot)', 'Ich bin die Rache, ich bin die Nacht...Ich bin BATMAN!', 'Lorem ipsum dolor sit amet, consetetur sadipscing elitr, sed diam nonumy eirmod tempor invidunt ut labore et dolore magna aliquyam erat, sed diam voluptua. At vero eos et accusam et justo duo dolores et ea rebum. Stet clita kasd gubergren, no sea takimata sanctus est Lorem ipsum dolor sit amet. Lorem ipsum dolor sit amet, consetetur sadipscing elitr, sed diam nonumy eirmod tempor invidunt ut labore et dolore magna aliquyam erat, sed diam voluptua. At vero eos et accusam et justo duo dolores et ea rebum. Stet clita kasd gubergren, no sea takimata sanctus est Lorem ipsum dolor sit amet. Lorem ipsum dolor sit amet, consetetur sadipscing elitr, sed diam nonumy eirmod tempor invidunt ut labore et dolore magna aliquyam erat, sed diam voluptua. At vero eos et accusam et justo duo dolores et ea rebum. Stet clita kasd gubergren, no sea takimata sanctus est Lorem ipsum dolor sit amet. \r\n\r\nDuis autem vel eum iriure dolor in hendrerit in vulputate velit esse molestie consequat, vel illum dolore eu feugiat nulla facilisis at vero eros et accumsan et iusto odio dignissim qui blandit praesent luptatum zzril delenit augue duis dolore te feugait nulla facilisi. Lorem ipsum dolor sit amet, consectetuer adipiscing elit, sed diam nonummy nibh euismod tincidunt ut laoreet dolore magna aliquam erat volutpat. \r\n\r\nUt wisi enim ad minim veniam, quis nostrud exerci tation ullamcorper suscipit lobortis nisl ut aliquip ex ea commodo consequat. Duis autem vel eum iriure dolor in hendrerit in vulputate velit esse molestie consequat, vel illum dolore eu feugiat nulla facilisis at vero eros et accumsan et iusto odio dignissim qui blandit praesent luptatum zzril delenit augue duis dolore te feugait nulla facilisi. \r\n\r\nNam liber tempor cum soluta nobis eleifend option congue nihil imperdiet doming id quod mazim placerat facer possim assum. Lorem ipsum dolor sit amet, consectetuer adipiscing elit, sed diam nonummy nibh euismod tincidunt ut laoreet dolore magna aliquam erat volutpat. Ut wisi enim ad minim veniam, quis nostrud exerci tation ullamcorper suscipit lobortis nisl ut aliquip ex ea commodo consequat. \r\n\r\nDuis autem vel eum iriure dolor in hendrerit in vulputate velit esse molestie consequat, vel illum dolore eu feugiat nulla facilisis. ', '10.99', 3, 2, 0),
(6, '2021-01-17 13:13:17', '2021-01-17 13:37:10', 'Batman Maske (1966 Farbschema)', 'Heiliges Kanonenrohr!', 'Lorem ipsum dolor sit amet, consetetur sadipscing elitr, sed diam nonumy eirmod tempor invidunt ut labore et dolore magna aliquyam erat, sed diam voluptua. At vero eos et accusam et justo duo dolores et ea rebum. Stet clita kasd gubergren, no sea takimata sanctus est Lorem ipsum dolor sit amet. Lorem ipsum dolor sit amet, consetetur sadipscing elitr, sed diam nonumy eirmod tempor invidunt ut labore et dolore magna aliquyam erat, sed diam voluptua. At vero eos et accusam et justo duo dolores et ea rebum. Stet clita kasd gubergren, no sea takimata sanctus est Lorem ipsum dolor sit amet. Lorem ipsum dolor sit amet, consetetur sadipscing elitr, sed diam nonumy eirmod tempor invidunt ut labore et dolore magna aliquyam erat, sed diam voluptua. At vero eos et accusam et justo duo dolores et ea rebum. Stet clita kasd gubergren, no sea takimata sanctus est Lorem ipsum dolor sit amet. \r\n\r\nDuis autem vel eum iriure dolor in hendrerit in vulputate velit esse molestie consequat, vel illum dolore eu feugiat nulla facilisis at vero eros et accumsan et iusto odio dignissim qui blandit praesent luptatum zzril delenit augue duis dolore te feugait nulla facilisi. Lorem ipsum dolor sit amet, consectetuer adipiscing elit, sed diam nonummy nibh euismod tincidunt ut laoreet dolore magna aliquam erat volutpat. \r\n\r\nUt wisi enim ad minim veniam, quis nostrud exerci tation ullamcorper suscipit lobortis nisl ut aliquip ex ea commodo consequat. Duis autem vel eum iriure dolor in hendrerit in vulputate velit esse molestie consequat, vel illum dolore eu feugiat nulla facilisis at vero eros et accumsan et iusto odio dignissim qui blandit praesent luptatum zzril delenit augue duis dolore te feugait nulla facilisi. \r\n\r\nNam liber tempor cum soluta nobis eleifend option congue nihil imperdiet doming id quod mazim placerat facer possim assum. Lorem ipsum dolor sit amet, consectetuer adipiscing elit, sed diam nonummy nibh euismod tincidunt ut laoreet dolore magna aliquam erat volutpat. Ut wisi enim ad minim veniam, quis nostrud exerci tation ullamcorper suscipit lobortis nisl ut aliquip ex ea commodo consequat. \r\n\r\nDuis autem vel eum iriure dolor in hendrerit in vulputate velit esse molestie consequat, vel illum dolore eu feugiat nulla facilisis. ', '10.99', 3, 2, 0),
(7, '2021-01-17 13:13:52', NULL, 'Batman-Maske (rot)', 'Hier könnte Ihre CatchPhrase stehen', 'Lorem ipsum dolor sit amet, consetetur sadipscing elitr, sed diam nonumy eirmod tempor invidunt ut labore et dolore magna aliquyam erat, sed diam voluptua. At vero eos et accusam et justo duo dolores et ea rebum. Stet clita kasd gubergren, no sea takimata sanctus est Lorem ipsum dolor sit amet. Lorem ipsum dolor sit amet, consetetur sadipscing elitr, sed diam nonumy eirmod tempor invidunt ut labore et dolore magna aliquyam erat, sed diam voluptua. At vero eos et accusam et justo duo dolores et ea rebum. Stet clita kasd gubergren, no sea takimata sanctus est Lorem ipsum dolor sit amet. Lorem ipsum dolor sit amet, consetetur sadipscing elitr, sed diam nonumy eirmod tempor invidunt ut labore et dolore magna aliquyam erat, sed diam voluptua. At vero eos et accusam et justo duo dolores et ea rebum. Stet clita kasd gubergren, no sea takimata sanctus est Lorem ipsum dolor sit amet. \r\n\r\nDuis autem vel eum iriure dolor in hendrerit in vulputate velit esse molestie consequat, vel illum dolore eu feugiat nulla facilisis at vero eros et accumsan et iusto odio dignissim qui blandit praesent luptatum zzril delenit augue duis dolore te feugait nulla facilisi. Lorem ipsum dolor sit amet, consectetuer adipiscing elit, sed diam nonummy nibh euismod tincidunt ut laoreet dolore magna aliquam erat volutpat. \r\n\r\nUt wisi enim ad minim veniam, quis nostrud exerci tation ullamcorper suscipit lobortis nisl ut aliquip ex ea commodo consequat. Duis autem vel eum iriure dolor in hendrerit in vulputate velit esse molestie consequat, vel illum dolore eu feugiat nulla facilisis at vero eros et accumsan et iusto odio dignissim qui blandit praesent luptatum zzril delenit augue duis dolore te feugait nulla facilisi. \r\n\r\nNam liber tempor cum soluta nobis eleifend option congue nihil imperdiet doming id quod mazim placerat facer possim assum. Lorem ipsum dolor sit amet, consectetuer adipiscing elit, sed diam nonummy nibh euismod tincidunt ut laoreet dolore magna aliquam erat volutpat. Ut wisi enim ad minim veniam, quis nostrud exerci tation ullamcorper suscipit lobortis nisl ut aliquip ex ea commodo consequat. \r\n\r\nDuis autem vel eum iriure dolor in hendrerit in vulputate velit esse molestie consequat, vel illum dolore eu feugiat nulla facilisis. ', '10.99', 3, 2, 0),
(8, '2021-01-17 13:14:19', NULL, 'Batman-Maske (weiß)', 'Hier könnte Ihre CatchPhrase stehen', 'Lorem ipsum dolor sit amet, consetetur sadipscing elitr, sed diam nonumy eirmod tempor invidunt ut labore et dolore magna aliquyam erat, sed diam voluptua. At vero eos et accusam et justo duo dolores et ea rebum. Stet clita kasd gubergren, no sea takimata sanctus est Lorem ipsum dolor sit amet. Lorem ipsum dolor sit amet, consetetur sadipscing elitr, sed diam nonumy eirmod tempor invidunt ut labore et dolore magna aliquyam erat, sed diam voluptua. At vero eos et accusam et justo duo dolores et ea rebum. Stet clita kasd gubergren, no sea takimata sanctus est Lorem ipsum dolor sit amet. Lorem ipsum dolor sit amet, consetetur sadipscing elitr, sed diam nonumy eirmod tempor invidunt ut labore et dolore magna aliquyam erat, sed diam voluptua. At vero eos et accusam et justo duo dolores et ea rebum. Stet clita kasd gubergren, no sea takimata sanctus est Lorem ipsum dolor sit amet. \r\n\r\nDuis autem vel eum iriure dolor in hendrerit in vulputate velit esse molestie consequat, vel illum dolore eu feugiat nulla facilisis at vero eros et accumsan et iusto odio dignissim qui blandit praesent luptatum zzril delenit augue duis dolore te feugait nulla facilisi. Lorem ipsum dolor sit amet, consectetuer adipiscing elit, sed diam nonummy nibh euismod tincidunt ut laoreet dolore magna aliquam erat volutpat. \r\n\r\nUt wisi enim ad minim veniam, quis nostrud exerci tation ullamcorper suscipit lobortis nisl ut aliquip ex ea commodo consequat. Duis autem vel eum iriure dolor in hendrerit in vulputate velit esse molestie consequat, vel illum dolore eu feugiat nulla facilisis at vero eros et accumsan et iusto odio dignissim qui blandit praesent luptatum zzril delenit augue duis dolore te feugait nulla facilisi. \r\n\r\nNam liber tempor cum soluta nobis eleifend option congue nihil imperdiet doming id quod mazim placerat facer possim assum. Lorem ipsum dolor sit amet, consectetuer adipiscing elit, sed diam nonummy nibh euismod tincidunt ut laoreet dolore magna aliquam erat volutpat. Ut wisi enim ad minim veniam, quis nostrud exerci tation ullamcorper suscipit lobortis nisl ut aliquip ex ea commodo consequat. \r\n\r\nDuis autem vel eum iriure dolor in hendrerit in vulputate velit esse molestie consequat, vel illum dolore eu feugiat nulla facilisis. ', '10.99', 3, 2, 0),
(9, '2021-01-17 13:14:38', NULL, 'Batman-Maske (gelb)', 'Hier könnte Ihre CatchPhrase stehen', 'Lorem ipsum dolor sit amet, consetetur sadipscing elitr, sed diam nonumy eirmod tempor invidunt ut labore et dolore magna aliquyam erat, sed diam voluptua. At vero eos et accusam et justo duo dolores et ea rebum. Stet clita kasd gubergren, no sea takimata sanctus est Lorem ipsum dolor sit amet. Lorem ipsum dolor sit amet, consetetur sadipscing elitr, sed diam nonumy eirmod tempor invidunt ut labore et dolore magna aliquyam erat, sed diam voluptua. At vero eos et accusam et justo duo dolores et ea rebum. Stet clita kasd gubergren, no sea takimata sanctus est Lorem ipsum dolor sit amet. Lorem ipsum dolor sit amet, consetetur sadipscing elitr, sed diam nonumy eirmod tempor invidunt ut labore et dolore magna aliquyam erat, sed diam voluptua. At vero eos et accusam et justo duo dolores et ea rebum. Stet clita kasd gubergren, no sea takimata sanctus est Lorem ipsum dolor sit amet. \r\n\r\nDuis autem vel eum iriure dolor in hendrerit in vulputate velit esse molestie consequat, vel illum dolore eu feugiat nulla facilisis at vero eros et accumsan et iusto odio dignissim qui blandit praesent luptatum zzril delenit augue duis dolore te feugait nulla facilisi. Lorem ipsum dolor sit amet, consectetuer adipiscing elit, sed diam nonummy nibh euismod tincidunt ut laoreet dolore magna aliquam erat volutpat. \r\n\r\nUt wisi enim ad minim veniam, quis nostrud exerci tation ullamcorper suscipit lobortis nisl ut aliquip ex ea commodo consequat. Duis autem vel eum iriure dolor in hendrerit in vulputate velit esse molestie consequat, vel illum dolore eu feugiat nulla facilisis at vero eros et accumsan et iusto odio dignissim qui blandit praesent luptatum zzril delenit augue duis dolore te feugait nulla facilisi. \r\n\r\nNam liber tempor cum soluta nobis eleifend option congue nihil imperdiet doming id quod mazim placerat facer possim assum. Lorem ipsum dolor sit amet, consectetuer adipiscing elit, sed diam nonummy nibh euismod tincidunt ut laoreet dolore magna aliquam erat volutpat. Ut wisi enim ad minim veniam, quis nostrud exerci tation ullamcorper suscipit lobortis nisl ut aliquip ex ea commodo consequat. \r\n\r\nDuis autem vel eum iriure dolor in hendrerit in vulputate velit esse molestie consequat, vel illum dolore eu feugiat nulla facilisis. ', '10.99', 3, 2, 0),
(10, '2021-01-17 13:15:01', NULL, 'Star Trek TOS - Maske (blau)', 'Hier könnte Ihre CatchPhrase stehen', 'Lorem ipsum dolor sit amet, consetetur sadipscing elitr, sed diam nonumy eirmod tempor invidunt ut labore et dolore magna aliquyam erat, sed diam voluptua. At vero eos et accusam et justo duo dolores et ea rebum. Stet clita kasd gubergren, no sea takimata sanctus est Lorem ipsum dolor sit amet. Lorem ipsum dolor sit amet, consetetur sadipscing elitr, sed diam nonumy eirmod tempor invidunt ut labore et dolore magna aliquyam erat, sed diam voluptua. At vero eos et accusam et justo duo dolores et ea rebum. Stet clita kasd gubergren, no sea takimata sanctus est Lorem ipsum dolor sit amet. Lorem ipsum dolor sit amet, consetetur sadipscing elitr, sed diam nonumy eirmod tempor invidunt ut labore et dolore magna aliquyam erat, sed diam voluptua. At vero eos et accusam et justo duo dolores et ea rebum. Stet clita kasd gubergren, no sea takimata sanctus est Lorem ipsum dolor sit amet. \r\n\r\nDuis autem vel eum iriure dolor in hendrerit in vulputate velit esse molestie consequat, vel illum dolore eu feugiat nulla facilisis at vero eros et accumsan et iusto odio dignissim qui blandit praesent luptatum zzril delenit augue duis dolore te feugait nulla facilisi. Lorem ipsum dolor sit amet, consectetuer adipiscing elit, sed diam nonummy nibh euismod tincidunt ut laoreet dolore magna aliquam erat volutpat. \r\n\r\nUt wisi enim ad minim veniam, quis nostrud exerci tation ullamcorper suscipit lobortis nisl ut aliquip ex ea commodo consequat. Duis autem vel eum iriure dolor in hendrerit in vulputate velit esse molestie consequat, vel illum dolore eu feugiat nulla facilisis at vero eros et accumsan et iusto odio dignissim qui blandit praesent luptatum zzril delenit augue duis dolore te feugait nulla facilisi. \r\n\r\nNam liber tempor cum soluta nobis eleifend option congue nihil imperdiet doming id quod mazim placerat facer possim assum. Lorem ipsum dolor sit amet, consectetuer adipiscing elit, sed diam nonummy nibh euismod tincidunt ut laoreet dolore magna aliquam erat volutpat. Ut wisi enim ad minim veniam, quis nostrud exerci tation ullamcorper suscipit lobortis nisl ut aliquip ex ea commodo consequat. \r\n\r\nDuis autem vel eum iriure dolor in hendrerit in vulputate velit esse molestie consequat, vel illum dolore eu feugiat nulla facilisis. ', '10.99', 3, 1, 0),
(11, '2021-01-17 13:15:19', NULL, 'Star Trek TOS - Maske (rot)', 'Hier könnte Ihre CatchPhrase stehen', 'Lorem ipsum dolor sit amet, consetetur sadipscing elitr, sed diam nonumy eirmod tempor invidunt ut labore et dolore magna aliquyam erat, sed diam voluptua. At vero eos et accusam et justo duo dolores et ea rebum. Stet clita kasd gubergren, no sea takimata sanctus est Lorem ipsum dolor sit amet. Lorem ipsum dolor sit amet, consetetur sadipscing elitr, sed diam nonumy eirmod tempor invidunt ut labore et dolore magna aliquyam erat, sed diam voluptua. At vero eos et accusam et justo duo dolores et ea rebum. Stet clita kasd gubergren, no sea takimata sanctus est Lorem ipsum dolor sit amet. Lorem ipsum dolor sit amet, consetetur sadipscing elitr, sed diam nonumy eirmod tempor invidunt ut labore et dolore magna aliquyam erat, sed diam voluptua. At vero eos et accusam et justo duo dolores et ea rebum. Stet clita kasd gubergren, no sea takimata sanctus est Lorem ipsum dolor sit amet. \r\n\r\nDuis autem vel eum iriure dolor in hendrerit in vulputate velit esse molestie consequat, vel illum dolore eu feugiat nulla facilisis at vero eros et accumsan et iusto odio dignissim qui blandit praesent luptatum zzril delenit augue duis dolore te feugait nulla facilisi. Lorem ipsum dolor sit amet, consectetuer adipiscing elit, sed diam nonummy nibh euismod tincidunt ut laoreet dolore magna aliquam erat volutpat. \r\n\r\nUt wisi enim ad minim veniam, quis nostrud exerci tation ullamcorper suscipit lobortis nisl ut aliquip ex ea commodo consequat. Duis autem vel eum iriure dolor in hendrerit in vulputate velit esse molestie consequat, vel illum dolore eu feugiat nulla facilisis at vero eros et accumsan et iusto odio dignissim qui blandit praesent luptatum zzril delenit augue duis dolore te feugait nulla facilisi. \r\n\r\nNam liber tempor cum soluta nobis eleifend option congue nihil imperdiet doming id quod mazim placerat facer possim assum. Lorem ipsum dolor sit amet, consectetuer adipiscing elit, sed diam nonummy nibh euismod tincidunt ut laoreet dolore magna aliquam erat volutpat. Ut wisi enim ad minim veniam, quis nostrud exerci tation ullamcorper suscipit lobortis nisl ut aliquip ex ea commodo consequat. \r\n\r\nDuis autem vel eum iriure dolor in hendrerit in vulputate velit esse molestie consequat, vel illum dolore eu feugiat nulla facilisis. ', '10.99', 3, 1, 0),
(12, '2021-01-17 13:15:36', '2021-01-17 13:39:45', 'Star Trek TOS - Maske (weiß)', 'Der Weltraum, unendliche Weiten.', 'Lorem ipsum dolor sit amet, consetetur sadipscing elitr, sed diam nonumy eirmod tempor invidunt ut labore et dolore magna aliquyam erat, sed diam voluptua. At vero eos et accusam et justo duo dolores et ea rebum. Stet clita kasd gubergren, no sea takimata sanctus est Lorem ipsum dolor sit amet. Lorem ipsum dolor sit amet, consetetur sadipscing elitr, sed diam nonumy eirmod tempor invidunt ut labore et dolore magna aliquyam erat, sed diam voluptua. At vero eos et accusam et justo duo dolores et ea rebum. Stet clita kasd gubergren, no sea takimata sanctus est Lorem ipsum dolor sit amet. Lorem ipsum dolor sit amet, consetetur sadipscing elitr, sed diam nonumy eirmod tempor invidunt ut labore et dolore magna aliquyam erat, sed diam voluptua. At vero eos et accusam et justo duo dolores et ea rebum. Stet clita kasd gubergren, no sea takimata sanctus est Lorem ipsum dolor sit amet. \r\n\r\nDuis autem vel eum iriure dolor in hendrerit in vulputate velit esse molestie consequat, vel illum dolore eu feugiat nulla facilisis at vero eros et accumsan et iusto odio dignissim qui blandit praesent luptatum zzril delenit augue duis dolore te feugait nulla facilisi. Lorem ipsum dolor sit amet, consectetuer adipiscing elit, sed diam nonummy nibh euismod tincidunt ut laoreet dolore magna aliquam erat volutpat. \r\n\r\nUt wisi enim ad minim veniam, quis nostrud exerci tation ullamcorper suscipit lobortis nisl ut aliquip ex ea commodo consequat. Duis autem vel eum iriure dolor in hendrerit in vulputate velit esse molestie consequat, vel illum dolore eu feugiat nulla facilisis at vero eros et accumsan et iusto odio dignissim qui blandit praesent luptatum zzril delenit augue duis dolore te feugait nulla facilisi. \r\n\r\nNam liber tempor cum soluta nobis eleifend option congue nihil imperdiet doming id quod mazim placerat facer possim assum. Lorem ipsum dolor sit amet, consectetuer adipiscing elit, sed diam nonummy nibh euismod tincidunt ut laoreet dolore magna aliquam erat volutpat. Ut wisi enim ad minim veniam, quis nostrud exerci tation ullamcorper suscipit lobortis nisl ut aliquip ex ea commodo consequat. \r\n\r\nDuis autem vel eum iriure dolor in hendrerit in vulputate velit esse molestie consequat, vel illum dolore eu feugiat nulla facilisis. ', '10.99', 3, 1, 0),
(13, '2021-01-17 13:15:52', NULL, 'Star Trek TOS - Maske (gelb)', 'Hier könnte Ihre CatchPhrase stehen', 'Lorem ipsum dolor sit amet, consetetur sadipscing elitr, sed diam nonumy eirmod tempor invidunt ut labore et dolore magna aliquyam erat, sed diam voluptua. At vero eos et accusam et justo duo dolores et ea rebum. Stet clita kasd gubergren, no sea takimata sanctus est Lorem ipsum dolor sit amet. Lorem ipsum dolor sit amet, consetetur sadipscing elitr, sed diam nonumy eirmod tempor invidunt ut labore et dolore magna aliquyam erat, sed diam voluptua. At vero eos et accusam et justo duo dolores et ea rebum. Stet clita kasd gubergren, no sea takimata sanctus est Lorem ipsum dolor sit amet. Lorem ipsum dolor sit amet, consetetur sadipscing elitr, sed diam nonumy eirmod tempor invidunt ut labore et dolore magna aliquyam erat, sed diam voluptua. At vero eos et accusam et justo duo dolores et ea rebum. Stet clita kasd gubergren, no sea takimata sanctus est Lorem ipsum dolor sit amet. \r\n\r\nDuis autem vel eum iriure dolor in hendrerit in vulputate velit esse molestie consequat, vel illum dolore eu feugiat nulla facilisis at vero eros et accumsan et iusto odio dignissim qui blandit praesent luptatum zzril delenit augue duis dolore te feugait nulla facilisi. Lorem ipsum dolor sit amet, consectetuer adipiscing elit, sed diam nonummy nibh euismod tincidunt ut laoreet dolore magna aliquam erat volutpat. \r\n\r\nUt wisi enim ad minim veniam, quis nostrud exerci tation ullamcorper suscipit lobortis nisl ut aliquip ex ea commodo consequat. Duis autem vel eum iriure dolor in hendrerit in vulputate velit esse molestie consequat, vel illum dolore eu feugiat nulla facilisis at vero eros et accumsan et iusto odio dignissim qui blandit praesent luptatum zzril delenit augue duis dolore te feugait nulla facilisi. \r\n\r\nNam liber tempor cum soluta nobis eleifend option congue nihil imperdiet doming id quod mazim placerat facer possim assum. Lorem ipsum dolor sit amet, consectetuer adipiscing elit, sed diam nonummy nibh euismod tincidunt ut laoreet dolore magna aliquam erat volutpat. Ut wisi enim ad minim veniam, quis nostrud exerci tation ullamcorper suscipit lobortis nisl ut aliquip ex ea commodo consequat. \r\n\r\nDuis autem vel eum iriure dolor in hendrerit in vulputate velit esse molestie consequat, vel illum dolore eu feugiat nulla facilisis. ', '10.99', 3, 1, 0),
(14, '2021-01-17 13:16:25', NULL, 'Glanzschuppen-Maske (blau)', 'Hier könnte Ihre CatchPhrase stehen', 'Lorem ipsum dolor sit amet, consetetur sadipscing elitr, sed diam nonumy eirmod tempor invidunt ut labore et dolore magna aliquyam erat, sed diam voluptua. At vero eos et accusam et justo duo dolores et ea rebum. Stet clita kasd gubergren, no sea takimata sanctus est Lorem ipsum dolor sit amet. Lorem ipsum dolor sit amet, consetetur sadipscing elitr, sed diam nonumy eirmod tempor invidunt ut labore et dolore magna aliquyam erat, sed diam voluptua. At vero eos et accusam et justo duo dolores et ea rebum. Stet clita kasd gubergren, no sea takimata sanctus est Lorem ipsum dolor sit amet. Lorem ipsum dolor sit amet, consetetur sadipscing elitr, sed diam nonumy eirmod tempor invidunt ut labore et dolore magna aliquyam erat, sed diam voluptua. At vero eos et accusam et justo duo dolores et ea rebum. Stet clita kasd gubergren, no sea takimata sanctus est Lorem ipsum dolor sit amet. \r\n\r\nDuis autem vel eum iriure dolor in hendrerit in vulputate velit esse molestie consequat, vel illum dolore eu feugiat nulla facilisis at vero eros et accumsan et iusto odio dignissim qui blandit praesent luptatum zzril delenit augue duis dolore te feugait nulla facilisi. Lorem ipsum dolor sit amet, consectetuer adipiscing elit, sed diam nonummy nibh euismod tincidunt ut laoreet dolore magna aliquam erat volutpat. \r\n\r\nUt wisi enim ad minim veniam, quis nostrud exerci tation ullamcorper suscipit lobortis nisl ut aliquip ex ea commodo consequat. Duis autem vel eum iriure dolor in hendrerit in vulputate velit esse molestie consequat, vel illum dolore eu feugiat nulla facilisis at vero eros et accumsan et iusto odio dignissim qui blandit praesent luptatum zzril delenit augue duis dolore te feugait nulla facilisi. \r\n\r\nNam liber tempor cum soluta nobis eleifend option congue nihil imperdiet doming id quod mazim placerat facer possim assum. Lorem ipsum dolor sit amet, consectetuer adipiscing elit, sed diam nonummy nibh euismod tincidunt ut laoreet dolore magna aliquam erat volutpat. Ut wisi enim ad minim veniam, quis nostrud exerci tation ullamcorper suscipit lobortis nisl ut aliquip ex ea commodo consequat. \r\n\r\nDuis autem vel eum iriure dolor in hendrerit in vulputate velit esse molestie consequat, vel illum dolore eu feugiat nulla facilisis. ', '15.99', 2, 1, 0),
(15, '2021-01-17 13:16:46', NULL, 'Glanzschuppen-Maske (regenbogenfarben)', 'Hier könnte Ihre CatchPhrase stehen', 'Lorem ipsum dolor sit amet, consetetur sadipscing elitr, sed diam nonumy eirmod tempor invidunt ut labore et dolore magna aliquyam erat, sed diam voluptua. At vero eos et accusam et justo duo dolores et ea rebum. Stet clita kasd gubergren, no sea takimata sanctus est Lorem ipsum dolor sit amet. Lorem ipsum dolor sit amet, consetetur sadipscing elitr, sed diam nonumy eirmod tempor invidunt ut labore et dolore magna aliquyam erat, sed diam voluptua. At vero eos et accusam et justo duo dolores et ea rebum. Stet clita kasd gubergren, no sea takimata sanctus est Lorem ipsum dolor sit amet. Lorem ipsum dolor sit amet, consetetur sadipscing elitr, sed diam nonumy eirmod tempor invidunt ut labore et dolore magna aliquyam erat, sed diam voluptua. At vero eos et accusam et justo duo dolores et ea rebum. Stet clita kasd gubergren, no sea takimata sanctus est Lorem ipsum dolor sit amet. \r\n\r\nDuis autem vel eum iriure dolor in hendrerit in vulputate velit esse molestie consequat, vel illum dolore eu feugiat nulla facilisis at vero eros et accumsan et iusto odio dignissim qui blandit praesent luptatum zzril delenit augue duis dolore te feugait nulla facilisi. Lorem ipsum dolor sit amet, consectetuer adipiscing elit, sed diam nonummy nibh euismod tincidunt ut laoreet dolore magna aliquam erat volutpat. \r\n\r\nUt wisi enim ad minim veniam, quis nostrud exerci tation ullamcorper suscipit lobortis nisl ut aliquip ex ea commodo consequat. Duis autem vel eum iriure dolor in hendrerit in vulputate velit esse molestie consequat, vel illum dolore eu feugiat nulla facilisis at vero eros et accumsan et iusto odio dignissim qui blandit praesent luptatum zzril delenit augue duis dolore te feugait nulla facilisi. \r\n\r\nNam liber tempor cum soluta nobis eleifend option congue nihil imperdiet doming id quod mazim placerat facer possim assum. Lorem ipsum dolor sit amet, consectetuer adipiscing elit, sed diam nonummy nibh euismod tincidunt ut laoreet dolore magna aliquam erat volutpat. Ut wisi enim ad minim veniam, quis nostrud exerci tation ullamcorper suscipit lobortis nisl ut aliquip ex ea commodo consequat. \r\n\r\nDuis autem vel eum iriure dolor in hendrerit in vulputate velit esse molestie consequat, vel illum dolore eu feugiat nulla facilisis. ', '17.99', 2, 1, 0),
(16, '2021-01-17 13:17:04', NULL, 'Glanzschuppen-Maske (rot)', 'Hier könnte Ihre CatchPhrase stehen', 'Lorem ipsum dolor sit amet, consetetur sadipscing elitr, sed diam nonumy eirmod tempor invidunt ut labore et dolore magna aliquyam erat, sed diam voluptua. At vero eos et accusam et justo duo dolores et ea rebum. Stet clita kasd gubergren, no sea takimata sanctus est Lorem ipsum dolor sit amet. Lorem ipsum dolor sit amet, consetetur sadipscing elitr, sed diam nonumy eirmod tempor invidunt ut labore et dolore magna aliquyam erat, sed diam voluptua. At vero eos et accusam et justo duo dolores et ea rebum. Stet clita kasd gubergren, no sea takimata sanctus est Lorem ipsum dolor sit amet. Lorem ipsum dolor sit amet, consetetur sadipscing elitr, sed diam nonumy eirmod tempor invidunt ut labore et dolore magna aliquyam erat, sed diam voluptua. At vero eos et accusam et justo duo dolores et ea rebum. Stet clita kasd gubergren, no sea takimata sanctus est Lorem ipsum dolor sit amet. \r\n\r\nDuis autem vel eum iriure dolor in hendrerit in vulputate velit esse molestie consequat, vel illum dolore eu feugiat nulla facilisis at vero eros et accumsan et iusto odio dignissim qui blandit praesent luptatum zzril delenit augue duis dolore te feugait nulla facilisi. Lorem ipsum dolor sit amet, consectetuer adipiscing elit, sed diam nonummy nibh euismod tincidunt ut laoreet dolore magna aliquam erat volutpat. \r\n\r\nUt wisi enim ad minim veniam, quis nostrud exerci tation ullamcorper suscipit lobortis nisl ut aliquip ex ea commodo consequat. Duis autem vel eum iriure dolor in hendrerit in vulputate velit esse molestie consequat, vel illum dolore eu feugiat nulla facilisis at vero eros et accumsan et iusto odio dignissim qui blandit praesent luptatum zzril delenit augue duis dolore te feugait nulla facilisi. \r\n\r\nNam liber tempor cum soluta nobis eleifend option congue nihil imperdiet doming id quod mazim placerat facer possim assum. Lorem ipsum dolor sit amet, consectetuer adipiscing elit, sed diam nonummy nibh euismod tincidunt ut laoreet dolore magna aliquam erat volutpat. Ut wisi enim ad minim veniam, quis nostrud exerci tation ullamcorper suscipit lobortis nisl ut aliquip ex ea commodo consequat. \r\n\r\nDuis autem vel eum iriure dolor in hendrerit in vulputate velit esse molestie consequat, vel illum dolore eu feugiat nulla facilisis. ', '12.99', 2, 1, 0),
(17, '2021-01-17 13:17:25', NULL, 'Jeans Maske (blau)', 'Hier könnte Ihre CatchPhrase stehen', 'Lorem ipsum dolor sit amet, consetetur sadipscing elitr, sed diam nonumy eirmod tempor invidunt ut labore et dolore magna aliquyam erat, sed diam voluptua. At vero eos et accusam et justo duo dolores et ea rebum. Stet clita kasd gubergren, no sea takimata sanctus est Lorem ipsum dolor sit amet. Lorem ipsum dolor sit amet, consetetur sadipscing elitr, sed diam nonumy eirmod tempor invidunt ut labore et dolore magna aliquyam erat, sed diam voluptua. At vero eos et accusam et justo duo dolores et ea rebum. Stet clita kasd gubergren, no sea takimata sanctus est Lorem ipsum dolor sit amet. Lorem ipsum dolor sit amet, consetetur sadipscing elitr, sed diam nonumy eirmod tempor invidunt ut labore et dolore magna aliquyam erat, sed diam voluptua. At vero eos et accusam et justo duo dolores et ea rebum. Stet clita kasd gubergren, no sea takimata sanctus est Lorem ipsum dolor sit amet. \r\n\r\nDuis autem vel eum iriure dolor in hendrerit in vulputate velit esse molestie consequat, vel illum dolore eu feugiat nulla facilisis at vero eros et accumsan et iusto odio dignissim qui blandit praesent luptatum zzril delenit augue duis dolore te feugait nulla facilisi. Lorem ipsum dolor sit amet, consectetuer adipiscing elit, sed diam nonummy nibh euismod tincidunt ut laoreet dolore magna aliquam erat volutpat. \r\n\r\nUt wisi enim ad minim veniam, quis nostrud exerci tation ullamcorper suscipit lobortis nisl ut aliquip ex ea commodo consequat. Duis autem vel eum iriure dolor in hendrerit in vulputate velit esse molestie consequat, vel illum dolore eu feugiat nulla facilisis at vero eros et accumsan et iusto odio dignissim qui blandit praesent luptatum zzril delenit augue duis dolore te feugait nulla facilisi. \r\n\r\nNam liber tempor cum soluta nobis eleifend option congue nihil imperdiet doming id quod mazim placerat facer possim assum. Lorem ipsum dolor sit amet, consectetuer adipiscing elit, sed diam nonummy nibh euismod tincidunt ut laoreet dolore magna aliquam erat volutpat. Ut wisi enim ad minim veniam, quis nostrud exerci tation ullamcorper suscipit lobortis nisl ut aliquip ex ea commodo consequat. \r\n\r\nDuis autem vel eum iriure dolor in hendrerit in vulputate velit esse molestie consequat, vel illum dolore eu feugiat nulla facilisis. ', '9.99', 2, 2, 0),
(18, '2021-01-17 13:17:42', NULL, 'Jeans Maske (braun)', 'Hier könnte Ihre CatchPhrase stehen', 'Lorem ipsum dolor sit amet, consetetur sadipscing elitr, sed diam nonumy eirmod tempor invidunt ut labore et dolore magna aliquyam erat, sed diam voluptua. At vero eos et accusam et justo duo dolores et ea rebum. Stet clita kasd gubergren, no sea takimata sanctus est Lorem ipsum dolor sit amet. Lorem ipsum dolor sit amet, consetetur sadipscing elitr, sed diam nonumy eirmod tempor invidunt ut labore et dolore magna aliquyam erat, sed diam voluptua. At vero eos et accusam et justo duo dolores et ea rebum. Stet clita kasd gubergren, no sea takimata sanctus est Lorem ipsum dolor sit amet. Lorem ipsum dolor sit amet, consetetur sadipscing elitr, sed diam nonumy eirmod tempor invidunt ut labore et dolore magna aliquyam erat, sed diam voluptua. At vero eos et accusam et justo duo dolores et ea rebum. Stet clita kasd gubergren, no sea takimata sanctus est Lorem ipsum dolor sit amet. \r\n\r\nDuis autem vel eum iriure dolor in hendrerit in vulputate velit esse molestie consequat, vel illum dolore eu feugiat nulla facilisis at vero eros et accumsan et iusto odio dignissim qui blandit praesent luptatum zzril delenit augue duis dolore te feugait nulla facilisi. Lorem ipsum dolor sit amet, consectetuer adipiscing elit, sed diam nonummy nibh euismod tincidunt ut laoreet dolore magna aliquam erat volutpat. \r\n\r\nUt wisi enim ad minim veniam, quis nostrud exerci tation ullamcorper suscipit lobortis nisl ut aliquip ex ea commodo consequat. Duis autem vel eum iriure dolor in hendrerit in vulputate velit esse molestie consequat, vel illum dolore eu feugiat nulla facilisis at vero eros et accumsan et iusto odio dignissim qui blandit praesent luptatum zzril delenit augue duis dolore te feugait nulla facilisi. \r\n\r\nNam liber tempor cum soluta nobis eleifend option congue nihil imperdiet doming id quod mazim placerat facer possim assum. Lorem ipsum dolor sit amet, consectetuer adipiscing elit, sed diam nonummy nibh euismod tincidunt ut laoreet dolore magna aliquam erat volutpat. Ut wisi enim ad minim veniam, quis nostrud exerci tation ullamcorper suscipit lobortis nisl ut aliquip ex ea commodo consequat. \r\n\r\nDuis autem vel eum iriure dolor in hendrerit in vulputate velit esse molestie consequat, vel illum dolore eu feugiat nulla facilisis. ', '9.99', 2, 2, 0),
(19, '2021-01-17 13:18:00', NULL, 'Jeans Maske (grün)', 'Hier könnte Ihre CatchPhrase stehen', 'Lorem ipsum dolor sit amet, consetetur sadipscing elitr, sed diam nonumy eirmod tempor invidunt ut labore et dolore magna aliquyam erat, sed diam voluptua. At vero eos et accusam et justo duo dolores et ea rebum. Stet clita kasd gubergren, no sea takimata sanctus est Lorem ipsum dolor sit amet. Lorem ipsum dolor sit amet, consetetur sadipscing elitr, sed diam nonumy eirmod tempor invidunt ut labore et dolore magna aliquyam erat, sed diam voluptua. At vero eos et accusam et justo duo dolores et ea rebum. Stet clita kasd gubergren, no sea takimata sanctus est Lorem ipsum dolor sit amet. Lorem ipsum dolor sit amet, consetetur sadipscing elitr, sed diam nonumy eirmod tempor invidunt ut labore et dolore magna aliquyam erat, sed diam voluptua. At vero eos et accusam et justo duo dolores et ea rebum. Stet clita kasd gubergren, no sea takimata sanctus est Lorem ipsum dolor sit amet. \r\n\r\nDuis autem vel eum iriure dolor in hendrerit in vulputate velit esse molestie consequat, vel illum dolore eu feugiat nulla facilisis at vero eros et accumsan et iusto odio dignissim qui blandit praesent luptatum zzril delenit augue duis dolore te feugait nulla facilisi. Lorem ipsum dolor sit amet, consectetuer adipiscing elit, sed diam nonummy nibh euismod tincidunt ut laoreet dolore magna aliquam erat volutpat. \r\n\r\nUt wisi enim ad minim veniam, quis nostrud exerci tation ullamcorper suscipit lobortis nisl ut aliquip ex ea commodo consequat. Duis autem vel eum iriure dolor in hendrerit in vulputate velit esse molestie consequat, vel illum dolore eu feugiat nulla facilisis at vero eros et accumsan et iusto odio dignissim qui blandit praesent luptatum zzril delenit augue duis dolore te feugait nulla facilisi. \r\n\r\nNam liber tempor cum soluta nobis eleifend option congue nihil imperdiet doming id quod mazim placerat facer possim assum. Lorem ipsum dolor sit amet, consectetuer adipiscing elit, sed diam nonummy nibh euismod tincidunt ut laoreet dolore magna aliquam erat volutpat. Ut wisi enim ad minim veniam, quis nostrud exerci tation ullamcorper suscipit lobortis nisl ut aliquip ex ea commodo consequat. \r\n\r\nDuis autem vel eum iriure dolor in hendrerit in vulputate velit esse molestie consequat, vel illum dolore eu feugiat nulla facilisis. ', '9.99', 2, 2, 0),
(20, '2021-01-17 13:18:23', NULL, 'Sci-Fi-Stoff Maske (gelb)', 'Hier könnte Ihre CatchPhrase stehen', 'Lorem ipsum dolor sit amet, consetetur sadipscing elitr, sed diam nonumy eirmod tempor invidunt ut labore et dolore magna aliquyam erat, sed diam voluptua. At vero eos et accusam et justo duo dolores et ea rebum. Stet clita kasd gubergren, no sea takimata sanctus est Lorem ipsum dolor sit amet. Lorem ipsum dolor sit amet, consetetur sadipscing elitr, sed diam nonumy eirmod tempor invidunt ut labore et dolore magna aliquyam erat, sed diam voluptua. At vero eos et accusam et justo duo dolores et ea rebum. Stet clita kasd gubergren, no sea takimata sanctus est Lorem ipsum dolor sit amet. Lorem ipsum dolor sit amet, consetetur sadipscing elitr, sed diam nonumy eirmod tempor invidunt ut labore et dolore magna aliquyam erat, sed diam voluptua. At vero eos et accusam et justo duo dolores et ea rebum. Stet clita kasd gubergren, no sea takimata sanctus est Lorem ipsum dolor sit amet. \r\n\r\nDuis autem vel eum iriure dolor in hendrerit in vulputate velit esse molestie consequat, vel illum dolore eu feugiat nulla facilisis at vero eros et accumsan et iusto odio dignissim qui blandit praesent luptatum zzril delenit augue duis dolore te feugait nulla facilisi. Lorem ipsum dolor sit amet, consectetuer adipiscing elit, sed diam nonummy nibh euismod tincidunt ut laoreet dolore magna aliquam erat volutpat. \r\n\r\nUt wisi enim ad minim veniam, quis nostrud exerci tation ullamcorper suscipit lobortis nisl ut aliquip ex ea commodo consequat. Duis autem vel eum iriure dolor in hendrerit in vulputate velit esse molestie consequat, vel illum dolore eu feugiat nulla facilisis at vero eros et accumsan et iusto odio dignissim qui blandit praesent luptatum zzril delenit augue duis dolore te feugait nulla facilisi. \r\n\r\nNam liber tempor cum soluta nobis eleifend option congue nihil imperdiet doming id quod mazim placerat facer possim assum. Lorem ipsum dolor sit amet, consectetuer adipiscing elit, sed diam nonummy nibh euismod tincidunt ut laoreet dolore magna aliquam erat volutpat. Ut wisi enim ad minim veniam, quis nostrud exerci tation ullamcorper suscipit lobortis nisl ut aliquip ex ea commodo consequat. \r\n\r\nDuis autem vel eum iriure dolor in hendrerit in vulputate velit esse molestie consequat, vel illum dolore eu feugiat nulla facilisis. ', '14.99', 2, 1, 0);
INSERT INTO `products` (`id`, `createdAt`, `updatedAt`, `productName`, `catchPhrase`, `productDescription`, `standardPrice`, `categoryID`, `vendorID`, `isHidden`) VALUES
(21, '2021-01-17 13:18:44', NULL, 'Sci-Fi-Stoff Maske (grün)', 'Hier könnte Ihre CatchPhrase stehen', 'Lorem ipsum dolor sit amet, consetetur sadipscing elitr, sed diam nonumy eirmod tempor invidunt ut labore et dolore magna aliquyam erat, sed diam voluptua. At vero eos et accusam et justo duo dolores et ea rebum. Stet clita kasd gubergren, no sea takimata sanctus est Lorem ipsum dolor sit amet. Lorem ipsum dolor sit amet, consetetur sadipscing elitr, sed diam nonumy eirmod tempor invidunt ut labore et dolore magna aliquyam erat, sed diam voluptua. At vero eos et accusam et justo duo dolores et ea rebum. Stet clita kasd gubergren, no sea takimata sanctus est Lorem ipsum dolor sit amet. Lorem ipsum dolor sit amet, consetetur sadipscing elitr, sed diam nonumy eirmod tempor invidunt ut labore et dolore magna aliquyam erat, sed diam voluptua. At vero eos et accusam et justo duo dolores et ea rebum. Stet clita kasd gubergren, no sea takimata sanctus est Lorem ipsum dolor sit amet. \r\n\r\nDuis autem vel eum iriure dolor in hendrerit in vulputate velit esse molestie consequat, vel illum dolore eu feugiat nulla facilisis at vero eros et accumsan et iusto odio dignissim qui blandit praesent luptatum zzril delenit augue duis dolore te feugait nulla facilisi. Lorem ipsum dolor sit amet, consectetuer adipiscing elit, sed diam nonummy nibh euismod tincidunt ut laoreet dolore magna aliquam erat volutpat. \r\n\r\nUt wisi enim ad minim veniam, quis nostrud exerci tation ullamcorper suscipit lobortis nisl ut aliquip ex ea commodo consequat. Duis autem vel eum iriure dolor in hendrerit in vulputate velit esse molestie consequat, vel illum dolore eu feugiat nulla facilisis at vero eros et accumsan et iusto odio dignissim qui blandit praesent luptatum zzril delenit augue duis dolore te feugait nulla facilisi. \r\n\r\nNam liber tempor cum soluta nobis eleifend option congue nihil imperdiet doming id quod mazim placerat facer possim assum. Lorem ipsum dolor sit amet, consectetuer adipiscing elit, sed diam nonummy nibh euismod tincidunt ut laoreet dolore magna aliquam erat volutpat. Ut wisi enim ad minim veniam, quis nostrud exerci tation ullamcorper suscipit lobortis nisl ut aliquip ex ea commodo consequat. \r\n\r\nDuis autem vel eum iriure dolor in hendrerit in vulputate velit esse molestie consequat, vel illum dolore eu feugiat nulla facilisis. ', '13.99', 2, 2, 0),
(22, '2021-01-17 13:19:05', NULL, 'Sci-Fi-Stoff Maske (rot)', 'Hier könnte Ihre CatchPhrase stehen', 'Lorem ipsum dolor sit amet, consetetur sadipscing elitr, sed diam nonumy eirmod tempor invidunt ut labore et dolore magna aliquyam erat, sed diam voluptua. At vero eos et accusam et justo duo dolores et ea rebum. Stet clita kasd gubergren, no sea takimata sanctus est Lorem ipsum dolor sit amet. Lorem ipsum dolor sit amet, consetetur sadipscing elitr, sed diam nonumy eirmod tempor invidunt ut labore et dolore magna aliquyam erat, sed diam voluptua. At vero eos et accusam et justo duo dolores et ea rebum. Stet clita kasd gubergren, no sea takimata sanctus est Lorem ipsum dolor sit amet. Lorem ipsum dolor sit amet, consetetur sadipscing elitr, sed diam nonumy eirmod tempor invidunt ut labore et dolore magna aliquyam erat, sed diam voluptua. At vero eos et accusam et justo duo dolores et ea rebum. Stet clita kasd gubergren, no sea takimata sanctus est Lorem ipsum dolor sit amet. \r\n\r\nDuis autem vel eum iriure dolor in hendrerit in vulputate velit esse molestie consequat, vel illum dolore eu feugiat nulla facilisis at vero eros et accumsan et iusto odio dignissim qui blandit praesent luptatum zzril delenit augue duis dolore te feugait nulla facilisi. Lorem ipsum dolor sit amet, consectetuer adipiscing elit, sed diam nonummy nibh euismod tincidunt ut laoreet dolore magna aliquam erat volutpat. \r\n\r\nUt wisi enim ad minim veniam, quis nostrud exerci tation ullamcorper suscipit lobortis nisl ut aliquip ex ea commodo consequat. Duis autem vel eum iriure dolor in hendrerit in vulputate velit esse molestie consequat, vel illum dolore eu feugiat nulla facilisis at vero eros et accumsan et iusto odio dignissim qui blandit praesent luptatum zzril delenit augue duis dolore te feugait nulla facilisi. \r\n\r\nNam liber tempor cum soluta nobis eleifend option congue nihil imperdiet doming id quod mazim placerat facer possim assum. Lorem ipsum dolor sit amet, consectetuer adipiscing elit, sed diam nonummy nibh euismod tincidunt ut laoreet dolore magna aliquam erat volutpat. Ut wisi enim ad minim veniam, quis nostrud exerci tation ullamcorper suscipit lobortis nisl ut aliquip ex ea commodo consequat. \r\n\r\nDuis autem vel eum iriure dolor in hendrerit in vulputate velit esse molestie consequat, vel illum dolore eu feugiat nulla facilisis. ', '13.49', 2, 1, 0),
(23, '2021-01-17 13:19:28', NULL, 'Sci-Fi-Stoff Maske (lila)', 'Hier könnte Ihre CatchPhrase stehen', 'Lorem ipsum dolor sit amet, consetetur sadipscing elitr, sed diam nonumy eirmod tempor invidunt ut labore et dolore magna aliquyam erat, sed diam voluptua. At vero eos et accusam et justo duo dolores et ea rebum. Stet clita kasd gubergren, no sea takimata sanctus est Lorem ipsum dolor sit amet. Lorem ipsum dolor sit amet, consetetur sadipscing elitr, sed diam nonumy eirmod tempor invidunt ut labore et dolore magna aliquyam erat, sed diam voluptua. At vero eos et accusam et justo duo dolores et ea rebum. Stet clita kasd gubergren, no sea takimata sanctus est Lorem ipsum dolor sit amet. Lorem ipsum dolor sit amet, consetetur sadipscing elitr, sed diam nonumy eirmod tempor invidunt ut labore et dolore magna aliquyam erat, sed diam voluptua. At vero eos et accusam et justo duo dolores et ea rebum. Stet clita kasd gubergren, no sea takimata sanctus est Lorem ipsum dolor sit amet. \r\n\r\nDuis autem vel eum iriure dolor in hendrerit in vulputate velit esse molestie consequat, vel illum dolore eu feugiat nulla facilisis at vero eros et accumsan et iusto odio dignissim qui blandit praesent luptatum zzril delenit augue duis dolore te feugait nulla facilisi. Lorem ipsum dolor sit amet, consectetuer adipiscing elit, sed diam nonummy nibh euismod tincidunt ut laoreet dolore magna aliquam erat volutpat. \r\n\r\nUt wisi enim ad minim veniam, quis nostrud exerci tation ullamcorper suscipit lobortis nisl ut aliquip ex ea commodo consequat. Duis autem vel eum iriure dolor in hendrerit in vulputate velit esse molestie consequat, vel illum dolore eu feugiat nulla facilisis at vero eros et accumsan et iusto odio dignissim qui blandit praesent luptatum zzril delenit augue duis dolore te feugait nulla facilisi. \r\n\r\nNam liber tempor cum soluta nobis eleifend option congue nihil imperdiet doming id quod mazim placerat facer possim assum. Lorem ipsum dolor sit amet, consectetuer adipiscing elit, sed diam nonummy nibh euismod tincidunt ut laoreet dolore magna aliquam erat volutpat. Ut wisi enim ad minim veniam, quis nostrud exerci tation ullamcorper suscipit lobortis nisl ut aliquip ex ea commodo consequat. \r\n\r\nDuis autem vel eum iriure dolor in hendrerit in vulputate velit esse molestie consequat, vel illum dolore eu feugiat nulla facilisis. ', '13.49', 2, 2, 0),
(24, '2021-01-17 13:20:38', '2021-01-17 13:35:03', 'Mr. Bean Maske (entstellt)', 'Schöner kann man gar nicht lächeln!', 'Lorem ipsum dolor sit amet, consetetur sadipscing elitr, sed diam nonumy eirmod tempor invidunt ut labore et dolore magna aliquyam erat, sed diam voluptua. At vero eos et accusam et justo duo dolores et ea rebum. Stet clita kasd gubergren, no sea takimata sanctus est Lorem ipsum dolor sit amet. Lorem ipsum dolor sit amet, consetetur sadipscing elitr, sed diam nonumy eirmod tempor invidunt ut labore et dolore magna aliquyam erat, sed diam voluptua. At vero eos et accusam et justo duo dolores et ea rebum. Stet clita kasd gubergren, no sea takimata sanctus est Lorem ipsum dolor sit amet. Lorem ipsum dolor sit amet, consetetur sadipscing elitr, sed diam nonumy eirmod tempor invidunt ut labore et dolore magna aliquyam erat, sed diam voluptua. At vero eos et accusam et justo duo dolores et ea rebum. Stet clita kasd gubergren, no sea takimata sanctus est Lorem ipsum dolor sit amet. \r\n\r\nDuis autem vel eum iriure dolor in hendrerit in vulputate velit esse molestie consequat, vel illum dolore eu feugiat nulla facilisis at vero eros et accumsan et iusto odio dignissim qui blandit praesent luptatum zzril delenit augue duis dolore te feugait nulla facilisi. Lorem ipsum dolor sit amet, consectetuer adipiscing elit, sed diam nonummy nibh euismod tincidunt ut laoreet dolore magna aliquam erat volutpat. \r\n\r\nUt wisi enim ad minim veniam, quis nostrud exerci tation ullamcorper suscipit lobortis nisl ut aliquip ex ea commodo consequat. Duis autem vel eum iriure dolor in hendrerit in vulputate velit esse molestie consequat, vel illum dolore eu feugiat nulla facilisis at vero eros et accumsan et iusto odio dignissim qui blandit praesent luptatum zzril delenit augue duis dolore te feugait nulla facilisi. \r\n\r\nNam liber tempor cum soluta nobis eleifend option congue nihil imperdiet doming id quod mazim placerat facer possim assum. Lorem ipsum dolor sit amet, consectetuer adipiscing elit, sed diam nonummy nibh euismod tincidunt ut laoreet dolore magna aliquam erat volutpat. Ut wisi enim ad minim veniam, quis nostrud exerci tation ullamcorper suscipit lobortis nisl ut aliquip ex ea commodo consequat. \r\n\r\nDuis autem vel eum iriure dolor in hendrerit in vulputate velit esse molestie consequat, vel illum dolore eu feugiat nulla facilisis. ', '19.99', 1, 1, 0);



--
-- Daten für Tabelle `images`
--

INSERT INTO `images` (`id`, `createdAt`, `updatedAt`, `imageName`, `imageURL`, `thumbnailURL`) VALUES
(1, '2021-01-17 13:09:22', '2021-01-17 13:36:25', 'Maske-Vorschau', 'mask1\\img1.jpg', 'mask1\\thumb1.jpg'),
(2, '2021-01-17 13:09:47', '2021-01-17 13:21:40', 'Maske-Vorschau', 'mask2\\img1.jpg', 'mask2\\thumb1.jpg'),
(3, '2021-01-17 13:11:18', '2021-01-17 13:36:25', 'Maske-Frontal', 'mask1\\img2.jpg', 'mask1\\thumb2.jpg'),
(4, '2021-01-17 13:11:18', '2021-01-17 13:36:25', 'Maske-Seite', 'mask1\\img3.jpg', 'mask1\\thumb3.jpg'),
(5, '2021-01-17 13:12:18', '2021-01-17 13:22:37', 'Maske-Vorschau', 'mask3\\img1.jpg', 'mask3\\thumb1.jpg'),
(6, '2021-01-17 13:12:36', '2021-01-17 13:23:13', 'Maske-Vorschau', 'mask4\\img1.jpg', 'mask4\\thumb1.jpg'),
(7, '2021-01-17 13:12:58', '2021-01-17 13:23:55', 'Maske-Vorschau', 'mask5\\img1.jpg', 'mask5\\thumb1.jpg'),
(8, '2021-01-17 13:13:17', '2021-01-17 13:24:25', 'Maske-Vorschau', 'mask6\\img1.jpg', 'mask6\\thumb1.jpg'),
(9, '2021-01-17 13:13:52', '2021-01-17 13:24:55', 'Maske-Vorschau', 'mask7\\img1.jpg', 'mask7\\thumb1.jpg'),
(10, '2021-01-17 13:14:19', '2021-01-17 13:25:24', 'Maske-Vorschau', 'mask8\\img1.jpg', 'mask8\\thumb1.jpg'),
(11, '2021-01-17 13:14:38', '2021-01-17 13:25:54', 'Maske-Vorschau', 'mask9\\img1.jpg', 'mask9\\thumb1.jpg'),
(12, '2021-01-17 13:15:01', '2021-01-17 13:26:34', 'Maske-Vorschau', 'mask10\\img1.jpg', 'mask10\\thumb1.jpg'),
(13, '2021-01-17 13:15:19', '2021-01-17 13:27:11', 'Maske-Vorschau', 'mask11\\img1.jpg', 'mask11\\thumb1.jpg'),
(14, '2021-01-17 13:15:36', '2021-01-17 13:27:42', 'Maske-Vorschau', 'mask12\\img1.jpg', 'mask12\\thumb1.jpg'),
(15, '2021-01-17 13:15:52', '2021-01-17 13:28:12', 'Maske-Vorschau', 'mask13\\img1.jpg', 'mask13\\thumb1.jpg'),
(16, '2021-01-17 13:16:25', '2021-01-17 13:28:59', 'Maske-Vorschau', 'mask14\\img1.jpg', 'mask14\\thumb1.jpg'),
(17, '2021-01-17 13:16:46', '2021-01-17 13:29:26', 'Maske-Vorschau', 'mask15\\img1.jpg', 'mask15\\thumb1.jpg'),
(18, '2021-01-17 13:17:04', '2021-01-17 13:29:52', 'Maske-Vorschau', 'mask16\\img1.jpg', 'mask16\\thumb1.jpg'),
(19, '2021-01-17 13:17:25', '2021-01-17 13:30:29', 'Maske-Vorschau', 'mask17\\img1.jpg', 'mask17\\thumb1.jpg'),
(20, '2021-01-17 13:17:42', '2021-01-17 13:30:53', 'Maske-Vorschau', 'mask18\\img1.jpg', 'mask18\\thumb1.jpg'),
(21, '2021-01-17 13:18:00', '2021-01-17 13:31:20', 'Maske-Vorschau', 'mask19\\img1.jpg', 'mask19\\thumb1.jpg'),
(22, '2021-01-17 13:18:23', '2021-01-17 13:31:51', 'Maske-Vorschau', 'mask20\\img1.jpg', 'mask20\\thumb1.jpg'),
(23, '2021-01-17 13:18:44', '2021-01-17 13:32:58', 'Maske-Vorschau', 'mask21\\img1.jpg', 'mask21\\thumb1.jpg'),
(24, '2021-01-17 13:19:05', '2021-01-17 13:33:26', 'Maske-Vorschau', 'mask22\\img1.jpg', 'mask22\\thumb1.jpg'),
(25, '2021-01-17 13:19:28', '2021-01-17 13:33:53', 'Maske-Vorschau', 'mask23\\img1.jpg', 'mask23\\thumb1.jpg'),
(26, '2021-01-17 13:20:38', '2021-01-17 13:35:03', 'Maske-Vorschau', 'mask24\\img1.jpg', 'mask24\\thumb1.jpg'),
(27, '2021-01-17 13:21:40', '2021-01-17 13:21:57', 'Maske-Frontal', 'mask2\\img2.jpg', 'mask2\\thumb2.jpg'),
(28, '2021-01-17 13:21:40', '2021-01-17 13:21:57', 'Maske-Seite', 'mask2\\img3.jpg', 'mask2\\thumb3.jpg'),
(29, '2021-01-17 13:22:37', '2021-01-17 13:22:51', 'Maske-Frontal', 'mask3\\img2.jpg', 'mask3\\thumb2.jpg'),
(30, '2021-01-17 13:22:37', '2021-01-17 13:22:51', 'Maske-Seite', 'mask3\\img3.jpg', 'mask3\\thumb3.jpg'),
(31, '2021-01-17 13:23:13', '2021-01-17 13:23:26', 'Maske-Frontal', 'mask4\\img2.jpg', 'mask4\\thumb2.jpg'),
(32, '2021-01-17 13:23:13', '2021-01-17 13:23:26', 'Maske-Seite', 'mask4\\img3.jpg', 'mask4\\thumb3.jpg'),
(33, '2021-01-17 13:23:55', '2021-01-17 13:24:09', 'Maske-Frontal', 'mask5\\img2.jpg', 'mask5\\thumb2.jpg'),
(34, '2021-01-17 13:23:55', '2021-01-17 13:24:09', 'Maske-Seite', 'mask5\\img3.jpg', 'mask5\\thumb3.jpg'),
(35, '2021-01-17 13:24:25', '2021-01-17 13:24:37', 'Maske-Frontal', 'mask6\\img2.jpg', 'mask6\\thumb2.jpg'),
(36, '2021-01-17 13:24:25', '2021-01-17 13:24:37', 'Maske-Seite', 'mask6\\img3.jpg', 'mask6\\thumb3.jpg'),
(37, '2021-01-17 13:24:55', '2021-01-17 13:25:08', 'Maske-Frontal', 'mask7\\img2.jpg', 'mask7\\thumb2.jpg'),
(38, '2021-01-17 13:24:55', '2021-01-17 13:25:08', 'Maske-Seite', 'mask7\\img3.jpg', 'mask7\\thumb3.jpg'),
(39, '2021-01-17 13:25:24', '2021-01-17 13:25:35', 'Maske-Frontal', 'mask8\\img2.jpg', 'mask8\\thumb2.jpg'),
(40, '2021-01-17 13:25:24', '2021-01-17 13:25:35', 'Maske-Seite', 'mask8\\img3.jpg', 'mask8\\thumb3.jpg'),
(41, '2021-01-17 13:25:54', '2021-01-17 13:26:09', 'Maske-Frontal', 'mask9\\img2.jpg', 'mask9\\thumb2.jpg'),
(42, '2021-01-17 13:25:54', '2021-01-17 13:26:09', 'Maske-Seite', 'mask9\\img3.jpg', 'mask9\\thumb3.jpg'),
(43, '2021-01-17 13:26:34', '2021-01-17 13:26:45', 'Maske-Frontal', 'mask10\\img2.jpg', 'mask10\\thumb2.jpg'),
(44, '2021-01-17 13:26:34', '2021-01-17 13:26:45', 'Maske-Seite', 'mask10\\img3.jpg', 'mask10\\thumb3.jpg'),
(45, '2021-01-17 13:27:11', '2021-01-17 13:27:23', 'Maske-Frontal', 'mask11\\img2.jpg', 'mask11\\thumb2.jpg'),
(46, '2021-01-17 13:27:11', '2021-01-17 13:27:23', 'Maske-Seite', 'mask11\\img3.jpg', 'mask11\\thumb3.jpg'),
(47, '2021-01-17 13:27:42', '2021-01-17 13:27:53', 'Maske-Frontal', 'mask12\\img2.jpg', 'mask12\\thumb2.jpg'),
(48, '2021-01-17 13:27:42', '2021-01-17 13:27:53', 'Maske-Seite', 'mask12\\img3.jpg', 'mask12\\thumb3.jpg'),
(49, '2021-01-17 13:28:12', '2021-01-17 13:28:22', 'Maske-Frontal', 'mask13\\img2.jpg', 'mask13\\thumb2.jpg'),
(50, '2021-01-17 13:28:12', '2021-01-17 13:28:22', 'Maske-Seite', 'mask13\\img3.jpg', 'mask13\\thumb3.jpg'),
(51, '2021-01-17 13:28:42', '2021-01-17 13:28:59', 'Maske-Frontal', 'mask14\\img2.jpg', 'mask14\\thumb2.jpg'),
(52, '2021-01-17 13:28:42', '2021-01-17 13:28:59', 'Maske-Seite', 'mask14\\img3.jpg', 'mask14\\thumb3.jpg'),
(53, '2021-01-17 13:29:26', '2021-01-17 13:29:36', 'Maske-Frontal', 'mask15\\img2.jpg', 'mask15\\thumb2.jpg'),
(54, '2021-01-17 13:29:26', '2021-01-17 13:29:36', 'Maske-Seite', 'mask15\\img3.jpg', 'mask15\\thumb3.jpg'),
(55, '2021-01-17 13:29:52', '2021-01-17 13:30:11', 'Maske-Frontal', 'mask16\\img2.jpg', 'mask16\\thumb2.jpg'),
(56, '2021-01-17 13:29:52', '2021-01-17 13:30:11', 'Maske-Seite', 'mask16\\img3.jpg', 'mask16\\thumb3.jpg'),
(57, '2021-01-17 13:30:29', '2021-01-17 13:30:40', 'Maske-Frontal', 'mask17\\img2.jpg', 'mask17\\thumb2.jpg'),
(58, '2021-01-17 13:30:29', '2021-01-17 13:30:40', 'Maske-Seite', 'mask17\\img3.jpg', 'mask17\\thumb3.jpg'),
(59, '2021-01-17 13:30:53', '2021-01-17 13:31:05', 'Maske-Frontal', 'mask18\\img2.jpg', 'mask18\\thumb2.jpg'),
(60, '2021-01-17 13:30:53', '2021-01-17 13:31:05', 'Maske-Seite', 'mask18\\img3.jpg', 'mask18\\thumb3.jpg'),
(61, '2021-01-17 13:31:20', '2021-01-17 13:31:30', 'Maske-Frontal', 'mask19\\img2.jpg', 'mask19\\thumb2.jpg'),
(62, '2021-01-17 13:31:20', '2021-01-17 13:31:30', 'Maske-Seite', 'mask19\\img3.jpg', 'mask19\\thumb3.jpg'),
(63, '2021-01-17 13:31:51', '2021-01-17 13:32:01', 'Maske-Frontal', 'mask20\\img2.jpg', 'mask20\\thumb2.jpg'),
(64, '2021-01-17 13:31:51', '2021-01-17 13:32:01', 'Maske-Seite', 'mask20\\img3.jpg', 'mask20\\thumb3.jpg'),
(65, '2021-01-17 13:32:58', '2021-01-17 13:33:11', 'Maske-Frontal', 'mask21\\img2.jpg', 'mask21\\thumb2.jpg'),
(66, '2021-01-17 13:32:58', '2021-01-17 13:33:11', 'Maske-Seite', 'mask21\\img3.jpg', 'mask21\\thumb3.jpg'),
(67, '2021-01-17 13:33:26', '2021-01-17 13:33:40', 'Maske-Frontal', 'mask22\\img2.jpg', 'mask22\\thumb2.jpg'),
(68, '2021-01-17 13:33:26', '2021-01-17 13:33:40', 'Maske-Seite', 'mask22\\img3.jpg', 'mask22\\thumb3.jpg'),
(71, '2021-01-17 13:34:15', '2021-01-17 13:34:32', 'Maske-Frontal', 'mask23\\img4.jpg', 'mask23\\thumb4.jpg'),
(72, '2021-01-17 13:34:32', '2021-01-17 13:34:39', 'Maske-Seite', 'mask23\\img5.jpg', 'mask23\\thumb5.jpg'),
(74, '2021-01-17 13:35:03', '2021-01-17 13:35:14', 'Maske-Seite', 'mask24\\img3.jpg', 'mask24\\thumb3.jpg');

--
-- Daten für Tabelle `productimages`
--

INSERT INTO `productimages` (`id`, `createdAt`, `updatedAt`, `imagesID`, `productsID`) VALUES
(1, '2021-01-17 13:09:22', NULL, 1, 1),
(2, '2021-01-17 13:09:47', NULL, 2, 2),
(3, '2021-01-17 13:11:18', NULL, 3, 1),
(4, '2021-01-17 13:11:18', NULL, 4, 1),
(5, '2021-01-17 13:12:18', NULL, 5, 3),
(6, '2021-01-17 13:12:36', NULL, 6, 4),
(7, '2021-01-17 13:12:58', NULL, 7, 5),
(8, '2021-01-17 13:13:17', NULL, 8, 6),
(9, '2021-01-17 13:13:52', NULL, 9, 7),
(10, '2021-01-17 13:14:19', NULL, 10, 8),
(11, '2021-01-17 13:14:38', NULL, 11, 9),
(12, '2021-01-17 13:15:01', NULL, 12, 10),
(13, '2021-01-17 13:15:19', NULL, 13, 11),
(14, '2021-01-17 13:15:36', NULL, 14, 12),
(15, '2021-01-17 13:15:52', NULL, 15, 13),
(16, '2021-01-17 13:16:25', NULL, 16, 14),
(17, '2021-01-17 13:16:46', NULL, 17, 15),
(18, '2021-01-17 13:17:04', NULL, 18, 16),
(19, '2021-01-17 13:17:25', NULL, 19, 17),
(20, '2021-01-17 13:17:42', NULL, 20, 18),
(21, '2021-01-17 13:18:00', NULL, 21, 19),
(22, '2021-01-17 13:18:23', NULL, 22, 20),
(23, '2021-01-17 13:18:44', NULL, 23, 21),
(24, '2021-01-17 13:19:05', NULL, 24, 22),
(25, '2021-01-17 13:19:28', NULL, 25, 23),
(26, '2021-01-17 13:20:38', NULL, 26, 24),
(27, '2021-01-17 13:21:40', NULL, 27, 2),
(28, '2021-01-17 13:21:40', NULL, 28, 2),
(29, '2021-01-17 13:22:37', NULL, 29, 3),
(30, '2021-01-17 13:22:37', NULL, 30, 3),
(31, '2021-01-17 13:23:13', NULL, 31, 4),
(32, '2021-01-17 13:23:13', NULL, 32, 4),
(33, '2021-01-17 13:23:55', NULL, 33, 5),
(34, '2021-01-17 13:23:55', NULL, 34, 5),
(35, '2021-01-17 13:24:25', NULL, 35, 6),
(36, '2021-01-17 13:24:25', NULL, 36, 6),
(37, '2021-01-17 13:24:55', NULL, 37, 7),
(38, '2021-01-17 13:24:55', NULL, 38, 7),
(39, '2021-01-17 13:25:24', NULL, 39, 8),
(40, '2021-01-17 13:25:24', NULL, 40, 8),
(41, '2021-01-17 13:25:54', NULL, 41, 9),
(42, '2021-01-17 13:25:54', NULL, 42, 9),
(43, '2021-01-17 13:26:34', NULL, 43, 10),
(44, '2021-01-17 13:26:34', NULL, 44, 10),
(45, '2021-01-17 13:27:11', NULL, 45, 11),
(46, '2021-01-17 13:27:11', NULL, 46, 11),
(47, '2021-01-17 13:27:42', NULL, 47, 12),
(48, '2021-01-17 13:27:42', NULL, 48, 12),
(49, '2021-01-17 13:28:12', NULL, 49, 13),
(50, '2021-01-17 13:28:12', NULL, 50, 13),
(51, '2021-01-17 13:28:42', NULL, 51, 14),
(52, '2021-01-17 13:28:42', NULL, 52, 14),
(53, '2021-01-17 13:29:26', NULL, 53, 15),
(54, '2021-01-17 13:29:26', NULL, 54, 15),
(55, '2021-01-17 13:29:52', NULL, 55, 16),
(56, '2021-01-17 13:29:52', NULL, 56, 16),
(57, '2021-01-17 13:30:29', NULL, 57, 17),
(58, '2021-01-17 13:30:29', NULL, 58, 17),
(59, '2021-01-17 13:30:53', NULL, 59, 18),
(60, '2021-01-17 13:30:53', NULL, 60, 18),
(61, '2021-01-17 13:31:20', NULL, 61, 19),
(62, '2021-01-17 13:31:20', NULL, 62, 19),
(63, '2021-01-17 13:31:51', NULL, 63, 20),
(64, '2021-01-17 13:31:51', NULL, 64, 20),
(65, '2021-01-17 13:32:58', NULL, 65, 21),
(66, '2021-01-17 13:32:58', NULL, 66, 21),
(67, '2021-01-17 13:33:26', NULL, 67, 22),
(68, '2021-01-17 13:33:26', NULL, 68, 22),
(71, '2021-01-17 13:34:15', NULL, 71, 23),
(72, '2021-01-17 13:34:32', NULL, 72, 23),
(74, '2021-01-17 13:35:03', NULL, 74, 24);



COMMIT;

/*!40101 SET CHARACTER_SET_CLIENT=@OLD_CHARACTER_SET_CLIENT */;
/*!40101 SET CHARACTER_SET_RESULTS=@OLD_CHARACTER_SET_RESULTS */;
/*!40101 SET COLLATION_CONNECTION=@OLD_COLLATION_CONNECTION */;

