-- phpMyAdmin SQL Dump
-- version 5.0.2
-- https://www.phpmyadmin.net/
--
-- Host: 127.0.0.1
-- Erstellungszeit: 09. Jan 2021 um 13:22
-- Server-Version: 10.4.14-MariaDB
-- PHP-Version: 7.4.9

SET SQL_MODE = "NO_AUTO_VALUE_ON_ZERO";
START TRANSACTION;
SET time_zone = "+00:00";


/*!40101 SET @OLD_CHARACTER_SET_CLIENT=@@CHARACTER_SET_CLIENT */;
/*!40101 SET @OLD_CHARACTER_SET_RESULTS=@@CHARACTER_SET_RESULTS */;
/*!40101 SET @OLD_COLLATION_CONNECTION=@@COLLATION_CONNECTION */;
/*!40101 SET NAMES utf8mb4 */;

--
-- Datenbank: `maskyourface`
--

--
-- Daten für Tabelle `categories`
--

INSERT INTO `categories` (`id`, `createdAt`, `updatedAt`, `categoryName`) VALUES
(1, '2021-01-09 11:13:36', NULL, 'Logo-Masken'),
(2, '2021-01-09 11:13:36', NULL, 'Muster-Masken'),
(3, '2021-01-09 11:13:36', NULL, 'Bild-Masken');

--
-- Daten für Tabelle `vendors`
--

INSERT INTO `vendors` (`id`, `createdAt`, `updatedAt`, `vendorName`) VALUES
(1, '2021-01-09 11:13:53', NULL, 'Ilon Mask'),
(2, '2021-01-09 11:13:53', NULL, 'Masken Buildner');
COMMIT;

--
-- Daten für Tabelle `images`
--

INSERT INTO `images` (`id`, `createdAt`, `updatedAt`, `imageName`, `imageURL`) VALUES
(1, '2021-01-09 11:15:47', '2021-01-09 11:16:56', 'Vorschau', 'assets\\images\\products\\5e381085a141778a4ee7009a747aa9f5\\preview202109011215475ff990638678e8.94292333.jpg'),
(2, '2021-01-09 11:16:33', '2021-01-09 11:16:56', 'Frontal', 'assets\\images\\products\\5e381085a141778a4ee7009a747aa9f5\\front202109011216335ff99091b0b0b5.37245593.jpg'),
(3, '2021-01-09 11:16:33', '2021-01-09 11:16:56', 'Seite', 'assets\\images\\products\\5e381085a141778a4ee7009a747aa9f5\\side202109011216335ff99091b16688.04601982.jpg'),
(4, '2021-01-09 11:17:18', NULL, '', 'assets\\images\\products\\f165fee65b86be5f6c8e4af4afd75223\\preview202109011217185ff990be3e00f0.04266826.jpg'),
(5, '2021-01-09 11:17:25', NULL, '', 'assets\\images\\products\\f165fee65b86be5f6c8e4af4afd75223\\front202109011217255ff990c5a30f51.36994760.jpg'),
(6, '2021-01-09 11:17:25', NULL, '', 'assets\\images\\products\\f165fee65b86be5f6c8e4af4afd75223\\side202109011217255ff990c5a3c599.00914640.jpg'),
(7, '2021-01-09 11:17:45', NULL, '', 'assets\\images\\products\\ac958a5c97b76e22cedbf9c86fe52401\\preview202109011217455ff990d94682d7.64443233.jpg'),
(8, '2021-01-09 11:17:53', NULL, '', 'assets\\images\\products\\ac958a5c97b76e22cedbf9c86fe52401\\front202109011217535ff990e100abc6.51654727.jpg'),
(9, '2021-01-09 11:17:53', NULL, '', 'assets\\images\\products\\ac958a5c97b76e22cedbf9c86fe52401\\side202109011217535ff990e1012fe7.68157586.jpg'),
(10, '2021-01-09 11:18:09', NULL, '', 'assets\\images\\products\\47ddf986c8304a31968d020caebec8cc\\preview202109011218095ff990f10afa15.23024612.jpg'),
(11, '2021-01-09 11:18:16', NULL, '', 'assets\\images\\products\\47ddf986c8304a31968d020caebec8cc\\front202109011218165ff990f8ef92b2.17420781.jpg'),
(12, '2021-01-09 11:18:16', NULL, '', 'assets\\images\\products\\47ddf986c8304a31968d020caebec8cc\\side202109011218165ff990f8f04696.86496143.jpg'),
(13, '2021-01-09 11:18:37', NULL, '', 'assets\\images\\products\\28c989f4dc6e2995ace01cbe6f35265a\\preview202109011218375ff9910de87a05.06882554.jpg'),
(14, '2021-01-09 11:18:45', NULL, '', 'assets\\images\\products\\28c989f4dc6e2995ace01cbe6f35265a\\front202109011218455ff9911510e540.27092723.jpg'),
(15, '2021-01-09 11:18:45', NULL, '', 'assets\\images\\products\\28c989f4dc6e2995ace01cbe6f35265a\\side202109011218455ff99115115ba0.19353967.jpg'),
(16, '2021-01-09 11:19:08', NULL, '', 'assets\\images\\products\\e9d918e69693d039476443e8eb29ab73\\preview202109011219085ff9912c8241e5.23620115.jpg'),
(17, '2021-01-09 11:19:15', NULL, '', 'assets\\images\\products\\e9d918e69693d039476443e8eb29ab73\\front202109011219155ff99133b25af6.58347788.jpg'),
(18, '2021-01-09 11:19:15', NULL, '', 'assets\\images\\products\\e9d918e69693d039476443e8eb29ab73\\side202109011219155ff99133b2f636.77890710.jpg'),
(19, '2021-01-09 11:19:33', NULL, '', 'assets\\images\\products\\59cd48ef139efc89040c6c915eca9136\\preview202109011219335ff991452c51c6.74638382.jpg'),
(20, '2021-01-09 11:19:39', NULL, '', 'assets\\images\\products\\59cd48ef139efc89040c6c915eca9136\\front202109011219395ff9914bedc467.08909753.jpg'),
(21, '2021-01-09 11:19:39', NULL, '', 'assets\\images\\products\\59cd48ef139efc89040c6c915eca9136\\side202109011219395ff9914bee7809.95232319.jpg'),
(22, '2021-01-09 11:20:00', NULL, '', 'assets\\images\\products\\1fe5a7768f2c0d31e5d80fbd6b89f690\\preview202109011220005ff99160efa466.71234586.jpg'),
(23, '2021-01-09 11:20:08', NULL, '', 'assets\\images\\products\\1fe5a7768f2c0d31e5d80fbd6b89f690\\front202109011220085ff99168afe610.33679725.jpg'),
(24, '2021-01-09 11:20:08', NULL, '', 'assets\\images\\products\\1fe5a7768f2c0d31e5d80fbd6b89f690\\side202109011220085ff99168b057b6.20841396.jpg'),
(25, '2021-01-09 11:20:26', NULL, '', 'assets\\images\\products\\9b9a06c00aadf001725ae83658484619\\preview202109011220265ff9917a311bd1.47399333.jpg'),
(26, '2021-01-09 11:20:34', NULL, '', 'assets\\images\\products\\9b9a06c00aadf001725ae83658484619\\front202109011220345ff9918253b764.39547266.jpg'),
(27, '2021-01-09 11:20:34', NULL, '', 'assets\\images\\products\\9b9a06c00aadf001725ae83658484619\\side202109011220345ff99182545342.87381912.jpg'),
(28, '2021-01-09 11:21:02', NULL, '', 'assets\\images\\products\\e1527fa93c068ca0cc45c41c6d7d26f9\\preview202109011221025ff9919e11daa6.64124178.jpg'),
(29, '2021-01-09 11:21:08', NULL, '', 'assets\\images\\products\\e1527fa93c068ca0cc45c41c6d7d26f9\\front202109011221085ff991a4d15ef5.28374505.jpg'),
(30, '2021-01-09 11:21:08', NULL, '', 'assets\\images\\products\\e1527fa93c068ca0cc45c41c6d7d26f9\\side202109011221085ff991a4d21374.98356958.jpg'),
(31, '2021-01-09 11:21:23', NULL, '', 'assets\\images\\products\\220c76852ca75d2a188e36309dba2f95\\preview202109011221235ff991b36ca3a6.36516934.jpg'),
(32, '2021-01-09 11:21:58', NULL, '', 'assets\\images\\products\\220c76852ca75d2a188e36309dba2f95\\front202109011221585ff991d6866d19.12946474.jpg'),
(33, '2021-01-09 11:21:58', NULL, '', 'assets\\images\\products\\220c76852ca75d2a188e36309dba2f95\\side202109011221585ff991d6879894.14881301.jpg'),
(34, '2021-01-09 11:22:19', NULL, '', 'assets\\images\\products\\92df7b6643161455a6aa320966b6f318\\preview202109011222195ff991ebe840e8.07747569.jpg'),
(35, '2021-01-09 11:22:27', NULL, '', 'assets\\images\\products\\92df7b6643161455a6aa320966b6f318\\front202109011222275ff991f3641547.85472545.jpg'),
(36, '2021-01-09 11:22:27', NULL, '', 'assets\\images\\products\\92df7b6643161455a6aa320966b6f318\\side202109011222275ff991f364a3d6.83754735.jpg'),
(37, '2021-01-09 11:22:42', NULL, '', 'assets\\images\\products\\4ec4ffbe66ea6361ac10c1f086c9d482\\preview202109011222425ff99202ae83d8.12416681.jpg'),
(38, '2021-01-09 11:22:49', NULL, '', 'assets\\images\\products\\4ec4ffbe66ea6361ac10c1f086c9d482\\front202109011222495ff99209a22749.84495339.jpg'),
(39, '2021-01-09 11:22:49', NULL, '', 'assets\\images\\products\\4ec4ffbe66ea6361ac10c1f086c9d482\\side202109011222495ff99209a2ad14.71193086.jpg'),
(40, '2021-01-09 11:23:19', NULL, '', 'assets\\images\\products\\2c1b423e9ac17f880abb09c9988b1457\\preview202109011223195ff99227766d09.42610398.jpg'),
(41, '2021-01-09 11:23:26', NULL, '', 'assets\\images\\products\\2c1b423e9ac17f880abb09c9988b1457\\front202109011223265ff9922e6184e3.11119923.jpg'),
(42, '2021-01-09 11:23:26', NULL, '', 'assets\\images\\products\\2c1b423e9ac17f880abb09c9988b1457\\side202109011223265ff9922e61ec30.84067455.jpg'),
(43, '2021-01-09 11:24:05', NULL, '', 'assets\\images\\products\\35ff3bb6f44eb66108109a76cdf98dc6\\preview202109011224055ff9925520a9e4.36945461.jpg'),
(44, '2021-01-09 11:24:12', NULL, '', 'assets\\images\\products\\35ff3bb6f44eb66108109a76cdf98dc6\\front202109011224125ff9925c48a356.63616134.jpg'),
(45, '2021-01-09 11:24:12', NULL, '', 'assets\\images\\products\\35ff3bb6f44eb66108109a76cdf98dc6\\side202109011224125ff9925c494d29.23620894.jpg'),
(46, '2021-01-09 11:24:50', NULL, '', 'assets\\images\\products\\19157889d7d9f9b9400fca686dd43024\\preview202109011224505ff99282712c81.17573604.jpg'),
(47, '2021-01-09 11:24:58', NULL, '', 'assets\\images\\products\\19157889d7d9f9b9400fca686dd43024\\front202109011224585ff9928a284d88.57701445.jpg'),
(48, '2021-01-09 11:24:58', NULL, '', 'assets\\images\\products\\19157889d7d9f9b9400fca686dd43024\\side202109011224585ff9928a28dc29.04050649.jpg'),
(49, '2021-01-09 11:25:19', NULL, '', 'assets\\images\\products\\e16cd36cd40eb59c0091c70f13ef81f2\\preview202109011225195ff9929fea2d56.86812055.jpg'),
(50, '2021-01-09 11:25:26', NULL, '', 'assets\\images\\products\\e16cd36cd40eb59c0091c70f13ef81f2\\front202109011225265ff992a6c68ce7.79984537.jpg'),
(51, '2021-01-09 11:25:26', NULL, '', 'assets\\images\\products\\e16cd36cd40eb59c0091c70f13ef81f2\\side202109011225265ff992a6c74950.39941870.jpg'),
(52, '2021-01-09 11:26:39', NULL, '', 'assets\\images\\products\\7c8678c2631d21585c5192591f841e10\\preview202109011226395ff992efb55cb3.78098430.jpg'),
(53, '2021-01-09 11:26:46', NULL, '', 'assets\\images\\products\\7c8678c2631d21585c5192591f841e10\\front202109011226465ff992f6858994.56503831.jpg'),
(54, '2021-01-09 11:26:46', NULL, '', 'assets\\images\\products\\7c8678c2631d21585c5192591f841e10\\side202109011226465ff992f685ffb1.43501115.jpg'),
(55, '2021-01-09 11:27:06', NULL, '', 'assets\\images\\products\\4dc267b32236f7a21c0a031c2c1d3bfe\\preview202109011227065ff9930acaf251.68679059.jpg'),
(56, '2021-01-09 11:27:13', NULL, '', 'assets\\images\\products\\4dc267b32236f7a21c0a031c2c1d3bfe\\front202109011227135ff99311850161.03787653.jpg'),
(57, '2021-01-09 11:27:13', NULL, '', 'assets\\images\\products\\4dc267b32236f7a21c0a031c2c1d3bfe\\side202109011227135ff99311856124.37169666.jpg'),
(58, '2021-01-09 11:27:38', NULL, '', 'assets\\images\\products\\e73d6483b790c1418d9e7b4102b3f740\\preview202109011227385ff9932ab3bb73.05821297.jpg'),
(59, '2021-01-09 11:27:45', NULL, '', 'assets\\images\\products\\e73d6483b790c1418d9e7b4102b3f740\\front202109011227455ff99331a5dca0.79748835.jpg'),
(60, '2021-01-09 11:27:45', NULL, '', 'assets\\images\\products\\e73d6483b790c1418d9e7b4102b3f740\\side202109011227455ff99331a64377.16681703.jpg'),
(61, '2021-01-09 11:28:07', NULL, '', 'assets\\images\\products\\4a89488647e03756d971a5aa2e9f8ce1\\preview202109011228075ff99347837ce7.40278293.jpg'),
(62, '2021-01-09 11:28:13', NULL, '', 'assets\\images\\products\\4a89488647e03756d971a5aa2e9f8ce1\\front202109011228135ff9934dc17247.13453355.jpg'),
(63, '2021-01-09 11:28:13', NULL, '', 'assets\\images\\products\\4a89488647e03756d971a5aa2e9f8ce1\\side202109011228135ff9934dc1cd11.99966080.jpg'),
(64, '2021-01-09 11:28:51', NULL, '', 'assets\\images\\products\\8dfe9db9c459d7af8d3b1ee269e11a64\\preview202109011228515ff99373c68467.25346652.jpg'),
(65, '2021-01-09 11:28:58', NULL, '', 'assets\\images\\products\\8dfe9db9c459d7af8d3b1ee269e11a64\\front202109011228585ff9937a9ddee7.45523562.jpg'),
(66, '2021-01-09 11:28:58', NULL, '', 'assets\\images\\products\\8dfe9db9c459d7af8d3b1ee269e11a64\\side202109011228585ff9937a9e34c0.25095104.jpg'),
(67, '2021-01-09 11:29:42', NULL, '', 'assets\\images\\products\\c33bbe10b32ed440a6cc6b38df3f7818\\preview202109011229425ff993a64f3971.19858441.jpg'),
(68, '2021-01-09 11:29:49', NULL, '', 'assets\\images\\products\\c33bbe10b32ed440a6cc6b38df3f7818\\front202109011229495ff993ad9e45b1.50291217.jpg'),
(69, '2021-01-09 11:29:49', NULL, '', 'assets\\images\\products\\c33bbe10b32ed440a6cc6b38df3f7818\\side202109011229495ff993ad9ea1f7.00211017.jpg'),
(70, '2021-01-09 12:02:51', NULL, '', 'assets\\images\\products\\f655971ae5f1ed21cbf90b83d63472fa\\preview202109010102515ff99b6b9832d4.47918347.jpg'),
(71, '2021-01-09 12:08:49', NULL, '', 'assets\\images\\products\\f655971ae5f1ed21cbf90b83d63472fa\\front202109010108495ff99cd1995bb3.55261784.jpg'),
(72, '2021-01-09 12:21:32', NULL, '', 'assets\\images\\products\\f655971ae5f1ed21cbf90b83d63472fa\\side202109010121325ff99fcc630a87.40182950.jpg');


--
-- Daten für Tabelle `products`
--

INSERT INTO `products` (`id`, `createdAt`, `updatedAt`, `productName`, `catchPhrase`, `productDescription`, `standardPrice`, `categoryID`, `vendorID`, `isHidden`) VALUES
(1, '2021-01-09 11:15:47', NULL, 'Avartos-Maske (schwarz)', 'Hier könnte Ihre CatchPhrase stehen', 'Lorem ipsum dolor sit amet, consetetur sadipscing elitr, sed diam nonumy eirmod tempor invidunt ut labore et dolore magna aliquyam erat, sed diam voluptua. At vero eos et accusam et justo duo dolores et ea rebum. Stet clita kasd gubergren, no sea takimata sanctus est Lorem ipsum dolor sit amet. Lorem ipsum dolor sit amet, consetetur sadipscing elitr, sed diam nonumy eirmod tempor invidunt ut labore et dolore magna aliquyam erat, sed diam voluptua. At vero eos et accusam et justo duo dolores et ea rebum. Stet clita kasd gubergren, no sea takimata sanctus est Lorem ipsum dolor sit amet. Lorem ipsum dolor sit amet, consetetur sadipscing elitr, sed diam nonumy eirmod tempor invidunt ut labore et dolore magna aliquyam erat, sed diam voluptua. At vero eos et accusam et justo duo dolores et ea rebum. Stet clita kasd gubergren, no sea takimata sanctus est Lorem ipsum dolor sit amet. \r\n\r\nDuis autem vel eum iriure dolor in hendrerit in vulputate velit esse molestie consequat, vel illum dolore eu feugiat nulla facilisis at vero eros et accumsan et iusto odio dignissim qui blandit praesent luptatum zzril delenit augue duis dolore te feugait nulla facilisi. Lorem ipsum dolor sit amet, consectetuer adipiscing elit, sed diam nonummy nibh euismod tincidunt ut laoreet dolore magna aliquam erat volutpat. \r\n\r\nUt wisi enim ad minim veniam, quis nostrud exerci tation ullamcorper suscipit lobortis nisl ut aliquip ex ea commodo consequat. Duis autem vel eum iriure dolor in hendrerit in vulputate velit esse molestie consequat, vel illum dolore eu feugiat nulla facilisis at vero eros et accumsan et iusto odio dignissim qui blandit praesent luptatum zzril delenit augue duis dolore te feugait nulla facilisi. \r\n\r\nNam liber tempor cum soluta nobis eleifend option congue nihil imperdiet doming id quod mazim placerat facer possim assum. Lorem ipsum dolor sit amet, consectetuer adipiscing elit, sed diam nonummy nibh euismod tincidunt ut laoreet dolore magna aliquam erat volutpat. Ut wisi enim ad minim veniam, quis nostrud exerci tation ullamcorper suscipit lobortis nisl ut aliquip ex ea commodo consequat. ', '10.99', 1, 1, 0),
(2, '2021-01-09 11:17:18', NULL, 'Avartos-Maske (gold)', 'Hier könnte Ihre CatchPhrase stehen', 'Lorem ipsum dolor sit amet, consetetur sadipscing elitr, sed diam nonumy eirmod tempor invidunt ut labore et dolore magna aliquyam erat, sed diam voluptua. At vero eos et accusam et justo duo dolores et ea rebum. Stet clita kasd gubergren, no sea takimata sanctus est Lorem ipsum dolor sit amet. Lorem ipsum dolor sit amet, consetetur sadipscing elitr, sed diam nonumy eirmod tempor invidunt ut labore et dolore magna aliquyam erat, sed diam voluptua. At vero eos et accusam et justo duo dolores et ea rebum. Stet clita kasd gubergren, no sea takimata sanctus est Lorem ipsum dolor sit amet. Lorem ipsum dolor sit amet, consetetur sadipscing elitr, sed diam nonumy eirmod tempor invidunt ut labore et dolore magna aliquyam erat, sed diam voluptua. At vero eos et accusam et justo duo dolores et ea rebum. Stet clita kasd gubergren, no sea takimata sanctus est Lorem ipsum dolor sit amet. \r\n\r\nDuis autem vel eum iriure dolor in hendrerit in vulputate velit esse molestie consequat, vel illum dolore eu feugiat nulla facilisis at vero eros et accumsan et iusto odio dignissim qui blandit praesent luptatum zzril delenit augue duis dolore te feugait nulla facilisi. Lorem ipsum dolor sit amet, consectetuer adipiscing elit, sed diam nonummy nibh euismod tincidunt ut laoreet dolore magna aliquam erat volutpat. \r\n\r\nUt wisi enim ad minim veniam, quis nostrud exerci tation ullamcorper suscipit lobortis nisl ut aliquip ex ea commodo consequat. Duis autem vel eum iriure dolor in hendrerit in vulputate velit esse molestie consequat, vel illum dolore eu feugiat nulla facilisis at vero eros et accumsan et iusto odio dignissim qui blandit praesent luptatum zzril delenit augue duis dolore te feugait nulla facilisi. \r\n\r\nNam liber tempor cum soluta nobis eleifend option congue nihil imperdiet doming id quod mazim placerat facer possim assum. Lorem ipsum dolor sit amet, consectetuer adipiscing elit, sed diam nonummy nibh euismod tincidunt ut laoreet dolore magna aliquam erat volutpat. Ut wisi enim ad minim veniam, quis nostrud exerci tation ullamcorper suscipit lobortis nisl ut aliquip ex ea commodo consequat. ', '999.99', 1, 1, 0),
(3, '2021-01-09 11:17:45', NULL, 'Avartos-Maske (rot)', 'Hier könnte Ihre CatchPhrase stehen', 'Lorem ipsum dolor sit amet, consetetur sadipscing elitr, sed diam nonumy eirmod tempor invidunt ut labore et dolore magna aliquyam erat, sed diam voluptua. At vero eos et accusam et justo duo dolores et ea rebum. Stet clita kasd gubergren, no sea takimata sanctus est Lorem ipsum dolor sit amet. Lorem ipsum dolor sit amet, consetetur sadipscing elitr, sed diam nonumy eirmod tempor invidunt ut labore et dolore magna aliquyam erat, sed diam voluptua. At vero eos et accusam et justo duo dolores et ea rebum. Stet clita kasd gubergren, no sea takimata sanctus est Lorem ipsum dolor sit amet. Lorem ipsum dolor sit amet, consetetur sadipscing elitr, sed diam nonumy eirmod tempor invidunt ut labore et dolore magna aliquyam erat, sed diam voluptua. At vero eos et accusam et justo duo dolores et ea rebum. Stet clita kasd gubergren, no sea takimata sanctus est Lorem ipsum dolor sit amet. \r\n\r\nDuis autem vel eum iriure dolor in hendrerit in vulputate velit esse molestie consequat, vel illum dolore eu feugiat nulla facilisis at vero eros et accumsan et iusto odio dignissim qui blandit praesent luptatum zzril delenit augue duis dolore te feugait nulla facilisi. Lorem ipsum dolor sit amet, consectetuer adipiscing elit, sed diam nonummy nibh euismod tincidunt ut laoreet dolore magna aliquam erat volutpat. \r\n\r\nUt wisi enim ad minim veniam, quis nostrud exerci tation ullamcorper suscipit lobortis nisl ut aliquip ex ea commodo consequat. Duis autem vel eum iriure dolor in hendrerit in vulputate velit esse molestie consequat, vel illum dolore eu feugiat nulla facilisis at vero eros et accumsan et iusto odio dignissim qui blandit praesent luptatum zzril delenit augue duis dolore te feugait nulla facilisi. \r\n\r\nNam liber tempor cum soluta nobis eleifend option congue nihil imperdiet doming id quod mazim placerat facer possim assum. Lorem ipsum dolor sit amet, consectetuer adipiscing elit, sed diam nonummy nibh euismod tincidunt ut laoreet dolore magna aliquam erat volutpat. Ut wisi enim ad minim veniam, quis nostrud exerci tation ullamcorper suscipit lobortis nisl ut aliquip ex ea commodo consequat. ', '10.99', 1, 1, 0),
(4, '2021-01-09 11:18:09', NULL, 'Avartos-Maske (weiß)', 'Hier könnte Ihre CatchPhrase stehen', 'Lorem ipsum dolor sit amet, consetetur sadipscing elitr, sed diam nonumy eirmod tempor invidunt ut labore et dolore magna aliquyam erat, sed diam voluptua. At vero eos et accusam et justo duo dolores et ea rebum. Stet clita kasd gubergren, no sea takimata sanctus est Lorem ipsum dolor sit amet. Lorem ipsum dolor sit amet, consetetur sadipscing elitr, sed diam nonumy eirmod tempor invidunt ut labore et dolore magna aliquyam erat, sed diam voluptua. At vero eos et accusam et justo duo dolores et ea rebum. Stet clita kasd gubergren, no sea takimata sanctus est Lorem ipsum dolor sit amet. Lorem ipsum dolor sit amet, consetetur sadipscing elitr, sed diam nonumy eirmod tempor invidunt ut labore et dolore magna aliquyam erat, sed diam voluptua. At vero eos et accusam et justo duo dolores et ea rebum. Stet clita kasd gubergren, no sea takimata sanctus est Lorem ipsum dolor sit amet. \r\n\r\nDuis autem vel eum iriure dolor in hendrerit in vulputate velit esse molestie consequat, vel illum dolore eu feugiat nulla facilisis at vero eros et accumsan et iusto odio dignissim qui blandit praesent luptatum zzril delenit augue duis dolore te feugait nulla facilisi. Lorem ipsum dolor sit amet, consectetuer adipiscing elit, sed diam nonummy nibh euismod tincidunt ut laoreet dolore magna aliquam erat volutpat. \r\n\r\nUt wisi enim ad minim veniam, quis nostrud exerci tation ullamcorper suscipit lobortis nisl ut aliquip ex ea commodo consequat. Duis autem vel eum iriure dolor in hendrerit in vulputate velit esse molestie consequat, vel illum dolore eu feugiat nulla facilisis at vero eros et accumsan et iusto odio dignissim qui blandit praesent luptatum zzril delenit augue duis dolore te feugait nulla facilisi. \r\n\r\nNam liber tempor cum soluta nobis eleifend option congue nihil imperdiet doming id quod mazim placerat facer possim assum. Lorem ipsum dolor sit amet, consectetuer adipiscing elit, sed diam nonummy nibh euismod tincidunt ut laoreet dolore magna aliquam erat volutpat. Ut wisi enim ad minim veniam, quis nostrud exerci tation ullamcorper suscipit lobortis nisl ut aliquip ex ea commodo consequat. ', '10.99', 1, 1, 0),
(5, '2021-01-09 11:18:37', NULL, 'Batman-Maske (schwarz)', 'Hier könnte Ihre CatchPhrase stehen', 'Lorem ipsum dolor sit amet, consetetur sadipscing elitr, sed diam nonumy eirmod tempor invidunt ut labore et dolore magna aliquyam erat, sed diam voluptua. At vero eos et accusam et justo duo dolores et ea rebum. Stet clita kasd gubergren, no sea takimata sanctus est Lorem ipsum dolor sit amet. Lorem ipsum dolor sit amet, consetetur sadipscing elitr, sed diam nonumy eirmod tempor invidunt ut labore et dolore magna aliquyam erat, sed diam voluptua. At vero eos et accusam et justo duo dolores et ea rebum. Stet clita kasd gubergren, no sea takimata sanctus est Lorem ipsum dolor sit amet. Lorem ipsum dolor sit amet, consetetur sadipscing elitr, sed diam nonumy eirmod tempor invidunt ut labore et dolore magna aliquyam erat, sed diam voluptua. At vero eos et accusam et justo duo dolores et ea rebum. Stet clita kasd gubergren, no sea takimata sanctus est Lorem ipsum dolor sit amet. \r\n\r\nDuis autem vel eum iriure dolor in hendrerit in vulputate velit esse molestie consequat, vel illum dolore eu feugiat nulla facilisis at vero eros et accumsan et iusto odio dignissim qui blandit praesent luptatum zzril delenit augue duis dolore te feugait nulla facilisi. Lorem ipsum dolor sit amet, consectetuer adipiscing elit, sed diam nonummy nibh euismod tincidunt ut laoreet dolore magna aliquam erat volutpat. \r\n\r\nUt wisi enim ad minim veniam, quis nostrud exerci tation ullamcorper suscipit lobortis nisl ut aliquip ex ea commodo consequat. Duis autem vel eum iriure dolor in hendrerit in vulputate velit esse molestie consequat, vel illum dolore eu feugiat nulla facilisis at vero eros et accumsan et iusto odio dignissim qui blandit praesent luptatum zzril delenit augue duis dolore te feugait nulla facilisi. \r\n\r\nNam liber tempor cum soluta nobis eleifend option congue nihil imperdiet doming id quod mazim placerat facer possim assum. Lorem ipsum dolor sit amet, consectetuer adipiscing elit, sed diam nonummy nibh euismod tincidunt ut laoreet dolore magna aliquam erat volutpat. Ut wisi enim ad minim veniam, quis nostrud exerci tation ullamcorper suscipit lobortis nisl ut aliquip ex ea commodo consequat. ', '10.99', 1, 2, 0),
(6, '2021-01-09 11:19:08', NULL, 'Batman Maske (1966 Farbschema)', 'Hier könnte Ihre CatchPhrase stehen', 'Lorem ipsum dolor sit amet, consetetur sadipscing elitr, sed diam nonumy eirmod tempor invidunt ut labore et dolore magna aliquyam erat, sed diam voluptua. At vero eos et accusam et justo duo dolores et ea rebum. Stet clita kasd gubergren, no sea takimata sanctus est Lorem ipsum dolor sit amet. Lorem ipsum dolor sit amet, consetetur sadipscing elitr, sed diam nonumy eirmod tempor invidunt ut labore et dolore magna aliquyam erat, sed diam voluptua. At vero eos et accusam et justo duo dolores et ea rebum. Stet clita kasd gubergren, no sea takimata sanctus est Lorem ipsum dolor sit amet. Lorem ipsum dolor sit amet, consetetur sadipscing elitr, sed diam nonumy eirmod tempor invidunt ut labore et dolore magna aliquyam erat, sed diam voluptua. At vero eos et accusam et justo duo dolores et ea rebum. Stet clita kasd gubergren, no sea takimata sanctus est Lorem ipsum dolor sit amet. \r\n\r\nDuis autem vel eum iriure dolor in hendrerit in vulputate velit esse molestie consequat, vel illum dolore eu feugiat nulla facilisis at vero eros et accumsan et iusto odio dignissim qui blandit praesent luptatum zzril delenit augue duis dolore te feugait nulla facilisi. Lorem ipsum dolor sit amet, consectetuer adipiscing elit, sed diam nonummy nibh euismod tincidunt ut laoreet dolore magna aliquam erat volutpat. \r\n\r\nUt wisi enim ad minim veniam, quis nostrud exerci tation ullamcorper suscipit lobortis nisl ut aliquip ex ea commodo consequat. Duis autem vel eum iriure dolor in hendrerit in vulputate velit esse molestie consequat, vel illum dolore eu feugiat nulla facilisis at vero eros et accumsan et iusto odio dignissim qui blandit praesent luptatum zzril delenit augue duis dolore te feugait nulla facilisi. \r\n\r\nNam liber tempor cum soluta nobis eleifend option congue nihil imperdiet doming id quod mazim placerat facer possim assum. Lorem ipsum dolor sit amet, consectetuer adipiscing elit, sed diam nonummy nibh euismod tincidunt ut laoreet dolore magna aliquam erat volutpat. Ut wisi enim ad minim veniam, quis nostrud exerci tation ullamcorper suscipit lobortis nisl ut aliquip ex ea commodo consequat. ', '10.99', 1, 2, 0),
(7, '2021-01-09 11:19:33', NULL, 'Batman-Maske (schwarz-rot)', 'Hier könnte Ihre CatchPhrase stehen', 'Lorem ipsum dolor sit amet, consetetur sadipscing elitr, sed diam nonumy eirmod tempor invidunt ut labore et dolore magna aliquyam erat, sed diam voluptua. At vero eos et accusam et justo duo dolores et ea rebum. Stet clita kasd gubergren, no sea takimata sanctus est Lorem ipsum dolor sit amet. Lorem ipsum dolor sit amet, consetetur sadipscing elitr, sed diam nonumy eirmod tempor invidunt ut labore et dolore magna aliquyam erat, sed diam voluptua. At vero eos et accusam et justo duo dolores et ea rebum. Stet clita kasd gubergren, no sea takimata sanctus est Lorem ipsum dolor sit amet. Lorem ipsum dolor sit amet, consetetur sadipscing elitr, sed diam nonumy eirmod tempor invidunt ut labore et dolore magna aliquyam erat, sed diam voluptua. At vero eos et accusam et justo duo dolores et ea rebum. Stet clita kasd gubergren, no sea takimata sanctus est Lorem ipsum dolor sit amet. \r\n\r\nDuis autem vel eum iriure dolor in hendrerit in vulputate velit esse molestie consequat, vel illum dolore eu feugiat nulla facilisis at vero eros et accumsan et iusto odio dignissim qui blandit praesent luptatum zzril delenit augue duis dolore te feugait nulla facilisi. Lorem ipsum dolor sit amet, consectetuer adipiscing elit, sed diam nonummy nibh euismod tincidunt ut laoreet dolore magna aliquam erat volutpat. \r\n\r\nUt wisi enim ad minim veniam, quis nostrud exerci tation ullamcorper suscipit lobortis nisl ut aliquip ex ea commodo consequat. Duis autem vel eum iriure dolor in hendrerit in vulputate velit esse molestie consequat, vel illum dolore eu feugiat nulla facilisis at vero eros et accumsan et iusto odio dignissim qui blandit praesent luptatum zzril delenit augue duis dolore te feugait nulla facilisi. \r\n\r\nNam liber tempor cum soluta nobis eleifend option congue nihil imperdiet doming id quod mazim placerat facer possim assum. Lorem ipsum dolor sit amet, consectetuer adipiscing elit, sed diam nonummy nibh euismod tincidunt ut laoreet dolore magna aliquam erat volutpat. Ut wisi enim ad minim veniam, quis nostrud exerci tation ullamcorper suscipit lobortis nisl ut aliquip ex ea commodo consequat. ', '10.99', 1, 2, 0),
(8, '2021-01-09 11:20:00', NULL, 'Batman-Maske (weiß)', 'Hier könnte Ihre CatchPhrase stehen', 'Lorem ipsum dolor sit amet, consetetur sadipscing elitr, sed diam nonumy eirmod tempor invidunt ut labore et dolore magna aliquyam erat, sed diam voluptua. At vero eos et accusam et justo duo dolores et ea rebum. Stet clita kasd gubergren, no sea takimata sanctus est Lorem ipsum dolor sit amet. Lorem ipsum dolor sit amet, consetetur sadipscing elitr, sed diam nonumy eirmod tempor invidunt ut labore et dolore magna aliquyam erat, sed diam voluptua. At vero eos et accusam et justo duo dolores et ea rebum. Stet clita kasd gubergren, no sea takimata sanctus est Lorem ipsum dolor sit amet. Lorem ipsum dolor sit amet, consetetur sadipscing elitr, sed diam nonumy eirmod tempor invidunt ut labore et dolore magna aliquyam erat, sed diam voluptua. At vero eos et accusam et justo duo dolores et ea rebum. Stet clita kasd gubergren, no sea takimata sanctus est Lorem ipsum dolor sit amet. \r\n\r\nDuis autem vel eum iriure dolor in hendrerit in vulputate velit esse molestie consequat, vel illum dolore eu feugiat nulla facilisis at vero eros et accumsan et iusto odio dignissim qui blandit praesent luptatum zzril delenit augue duis dolore te feugait nulla facilisi. Lorem ipsum dolor sit amet, consectetuer adipiscing elit, sed diam nonummy nibh euismod tincidunt ut laoreet dolore magna aliquam erat volutpat. \r\n\r\nUt wisi enim ad minim veniam, quis nostrud exerci tation ullamcorper suscipit lobortis nisl ut aliquip ex ea commodo consequat. Duis autem vel eum iriure dolor in hendrerit in vulputate velit esse molestie consequat, vel illum dolore eu feugiat nulla facilisis at vero eros et accumsan et iusto odio dignissim qui blandit praesent luptatum zzril delenit augue duis dolore te feugait nulla facilisi. \r\n\r\nNam liber tempor cum soluta nobis eleifend option congue nihil imperdiet doming id quod mazim placerat facer possim assum. Lorem ipsum dolor sit amet, consectetuer adipiscing elit, sed diam nonummy nibh euismod tincidunt ut laoreet dolore magna aliquam erat volutpat. Ut wisi enim ad minim veniam, quis nostrud exerci tation ullamcorper suscipit lobortis nisl ut aliquip ex ea commodo consequat. ', '10.99', 1, 2, 0),
(9, '2021-01-09 11:20:26', NULL, 'Batman-Maske (gelb)', 'Hier könnte Ihre CatchPhrase stehen', 'Lorem ipsum dolor sit amet, consetetur sadipscing elitr, sed diam nonumy eirmod tempor invidunt ut labore et dolore magna aliquyam erat, sed diam voluptua. At vero eos et accusam et justo duo dolores et ea rebum. Stet clita kasd gubergren, no sea takimata sanctus est Lorem ipsum dolor sit amet. Lorem ipsum dolor sit amet, consetetur sadipscing elitr, sed diam nonumy eirmod tempor invidunt ut labore et dolore magna aliquyam erat, sed diam voluptua. At vero eos et accusam et justo duo dolores et ea rebum. Stet clita kasd gubergren, no sea takimata sanctus est Lorem ipsum dolor sit amet. Lorem ipsum dolor sit amet, consetetur sadipscing elitr, sed diam nonumy eirmod tempor invidunt ut labore et dolore magna aliquyam erat, sed diam voluptua. At vero eos et accusam et justo duo dolores et ea rebum. Stet clita kasd gubergren, no sea takimata sanctus est Lorem ipsum dolor sit amet. \r\n\r\nDuis autem vel eum iriure dolor in hendrerit in vulputate velit esse molestie consequat, vel illum dolore eu feugiat nulla facilisis at vero eros et accumsan et iusto odio dignissim qui blandit praesent luptatum zzril delenit augue duis dolore te feugait nulla facilisi. Lorem ipsum dolor sit amet, consectetuer adipiscing elit, sed diam nonummy nibh euismod tincidunt ut laoreet dolore magna aliquam erat volutpat. \r\n\r\nUt wisi enim ad minim veniam, quis nostrud exerci tation ullamcorper suscipit lobortis nisl ut aliquip ex ea commodo consequat. Duis autem vel eum iriure dolor in hendrerit in vulputate velit esse molestie consequat, vel illum dolore eu feugiat nulla facilisis at vero eros et accumsan et iusto odio dignissim qui blandit praesent luptatum zzril delenit augue duis dolore te feugait nulla facilisi. \r\n\r\nNam liber tempor cum soluta nobis eleifend option congue nihil imperdiet doming id quod mazim placerat facer possim assum. Lorem ipsum dolor sit amet, consectetuer adipiscing elit, sed diam nonummy nibh euismod tincidunt ut laoreet dolore magna aliquam erat volutpat. Ut wisi enim ad minim veniam, quis nostrud exerci tation ullamcorper suscipit lobortis nisl ut aliquip ex ea commodo consequat. ', '10.99', 1, 2, 0),
(10, '2021-01-09 11:21:02', NULL, 'Star Trek TOS - Maske (blau)', 'Hier könnte Ihre CatchPhrase stehen', 'Lorem ipsum dolor sit amet, consetetur sadipscing elitr, sed diam nonumy eirmod tempor invidunt ut labore et dolore magna aliquyam erat, sed diam voluptua. At vero eos et accusam et justo duo dolores et ea rebum. Stet clita kasd gubergren, no sea takimata sanctus est Lorem ipsum dolor sit amet. Lorem ipsum dolor sit amet, consetetur sadipscing elitr, sed diam nonumy eirmod tempor invidunt ut labore et dolore magna aliquyam erat, sed diam voluptua. At vero eos et accusam et justo duo dolores et ea rebum. Stet clita kasd gubergren, no sea takimata sanctus est Lorem ipsum dolor sit amet. Lorem ipsum dolor sit amet, consetetur sadipscing elitr, sed diam nonumy eirmod tempor invidunt ut labore et dolore magna aliquyam erat, sed diam voluptua. At vero eos et accusam et justo duo dolores et ea rebum. Stet clita kasd gubergren, no sea takimata sanctus est Lorem ipsum dolor sit amet. \r\n\r\nDuis autem vel eum iriure dolor in hendrerit in vulputate velit esse molestie consequat, vel illum dolore eu feugiat nulla facilisis at vero eros et accumsan et iusto odio dignissim qui blandit praesent luptatum zzril delenit augue duis dolore te feugait nulla facilisi. Lorem ipsum dolor sit amet, consectetuer adipiscing elit, sed diam nonummy nibh euismod tincidunt ut laoreet dolore magna aliquam erat volutpat. \r\n\r\nUt wisi enim ad minim veniam, quis nostrud exerci tation ullamcorper suscipit lobortis nisl ut aliquip ex ea commodo consequat. Duis autem vel eum iriure dolor in hendrerit in vulputate velit esse molestie consequat, vel illum dolore eu feugiat nulla facilisis at vero eros et accumsan et iusto odio dignissim qui blandit praesent luptatum zzril delenit augue duis dolore te feugait nulla facilisi. \r\n\r\nNam liber tempor cum soluta nobis eleifend option congue nihil imperdiet doming id quod mazim placerat facer possim assum. Lorem ipsum dolor sit amet, consectetuer adipiscing elit, sed diam nonummy nibh euismod tincidunt ut laoreet dolore magna aliquam erat volutpat. Ut wisi enim ad minim veniam, quis nostrud exerci tation ullamcorper suscipit lobortis nisl ut aliquip ex ea commodo consequat. ', '10.99', 1, 1, 0),
(11, '2021-01-09 11:21:23', NULL, 'Star Trek TOS - Maske (rot)', 'Hier könnte Ihre CatchPhrase stehen', 'Lorem ipsum dolor sit amet, consetetur sadipscing elitr, sed diam nonumy eirmod tempor invidunt ut labore et dolore magna aliquyam erat, sed diam voluptua. At vero eos et accusam et justo duo dolores et ea rebum. Stet clita kasd gubergren, no sea takimata sanctus est Lorem ipsum dolor sit amet. Lorem ipsum dolor sit amet, consetetur sadipscing elitr, sed diam nonumy eirmod tempor invidunt ut labore et dolore magna aliquyam erat, sed diam voluptua. At vero eos et accusam et justo duo dolores et ea rebum. Stet clita kasd gubergren, no sea takimata sanctus est Lorem ipsum dolor sit amet. Lorem ipsum dolor sit amet, consetetur sadipscing elitr, sed diam nonumy eirmod tempor invidunt ut labore et dolore magna aliquyam erat, sed diam voluptua. At vero eos et accusam et justo duo dolores et ea rebum. Stet clita kasd gubergren, no sea takimata sanctus est Lorem ipsum dolor sit amet. \r\n\r\nDuis autem vel eum iriure dolor in hendrerit in vulputate velit esse molestie consequat, vel illum dolore eu feugiat nulla facilisis at vero eros et accumsan et iusto odio dignissim qui blandit praesent luptatum zzril delenit augue duis dolore te feugait nulla facilisi. Lorem ipsum dolor sit amet, consectetuer adipiscing elit, sed diam nonummy nibh euismod tincidunt ut laoreet dolore magna aliquam erat volutpat. \r\n\r\nUt wisi enim ad minim veniam, quis nostrud exerci tation ullamcorper suscipit lobortis nisl ut aliquip ex ea commodo consequat. Duis autem vel eum iriure dolor in hendrerit in vulputate velit esse molestie consequat, vel illum dolore eu feugiat nulla facilisis at vero eros et accumsan et iusto odio dignissim qui blandit praesent luptatum zzril delenit augue duis dolore te feugait nulla facilisi. \r\n\r\nNam liber tempor cum soluta nobis eleifend option congue nihil imperdiet doming id quod mazim placerat facer possim assum. Lorem ipsum dolor sit amet, consectetuer adipiscing elit, sed diam nonummy nibh euismod tincidunt ut laoreet dolore magna aliquam erat volutpat. Ut wisi enim ad minim veniam, quis nostrud exerci tation ullamcorper suscipit lobortis nisl ut aliquip ex ea commodo consequat. ', '10.99', 1, 1, 0),
(12, '2021-01-09 11:22:19', NULL, 'Star Trek TOS - Maske (weiß)', 'Hier könnte Ihre CatchPhrase stehen', 'Lorem ipsum dolor sit amet, consetetur sadipscing elitr, sed diam nonumy eirmod tempor invidunt ut labore et dolore magna aliquyam erat, sed diam voluptua. At vero eos et accusam et justo duo dolores et ea rebum. Stet clita kasd gubergren, no sea takimata sanctus est Lorem ipsum dolor sit amet. Lorem ipsum dolor sit amet, consetetur sadipscing elitr, sed diam nonumy eirmod tempor invidunt ut labore et dolore magna aliquyam erat, sed diam voluptua. At vero eos et accusam et justo duo dolores et ea rebum. Stet clita kasd gubergren, no sea takimata sanctus est Lorem ipsum dolor sit amet. Lorem ipsum dolor sit amet, consetetur sadipscing elitr, sed diam nonumy eirmod tempor invidunt ut labore et dolore magna aliquyam erat, sed diam voluptua. At vero eos et accusam et justo duo dolores et ea rebum. Stet clita kasd gubergren, no sea takimata sanctus est Lorem ipsum dolor sit amet. \r\n\r\nDuis autem vel eum iriure dolor in hendrerit in vulputate velit esse molestie consequat, vel illum dolore eu feugiat nulla facilisis at vero eros et accumsan et iusto odio dignissim qui blandit praesent luptatum zzril delenit augue duis dolore te feugait nulla facilisi. Lorem ipsum dolor sit amet, consectetuer adipiscing elit, sed diam nonummy nibh euismod tincidunt ut laoreet dolore magna aliquam erat volutpat. \r\n\r\nUt wisi enim ad minim veniam, quis nostrud exerci tation ullamcorper suscipit lobortis nisl ut aliquip ex ea commodo consequat. Duis autem vel eum iriure dolor in hendrerit in vulputate velit esse molestie consequat, vel illum dolore eu feugiat nulla facilisis at vero eros et accumsan et iusto odio dignissim qui blandit praesent luptatum zzril delenit augue duis dolore te feugait nulla facilisi. \r\n\r\nNam liber tempor cum soluta nobis eleifend option congue nihil imperdiet doming id quod mazim placerat facer possim assum. Lorem ipsum dolor sit amet, consectetuer adipiscing elit, sed diam nonummy nibh euismod tincidunt ut laoreet dolore magna aliquam erat volutpat. Ut wisi enim ad minim veniam, quis nostrud exerci tation ullamcorper suscipit lobortis nisl ut aliquip ex ea commodo consequat. ', '10.99', 1, 1, 0),
(13, '2021-01-09 11:22:42', NULL, 'Star Trek TOS - Maske (gelb)', 'Hier könnte Ihre CatchPhrase stehen', 'Lorem ipsum dolor sit amet, consetetur sadipscing elitr, sed diam nonumy eirmod tempor invidunt ut labore et dolore magna aliquyam erat, sed diam voluptua. At vero eos et accusam et justo duo dolores et ea rebum. Stet clita kasd gubergren, no sea takimata sanctus est Lorem ipsum dolor sit amet. Lorem ipsum dolor sit amet, consetetur sadipscing elitr, sed diam nonumy eirmod tempor invidunt ut labore et dolore magna aliquyam erat, sed diam voluptua. At vero eos et accusam et justo duo dolores et ea rebum. Stet clita kasd gubergren, no sea takimata sanctus est Lorem ipsum dolor sit amet. Lorem ipsum dolor sit amet, consetetur sadipscing elitr, sed diam nonumy eirmod tempor invidunt ut labore et dolore magna aliquyam erat, sed diam voluptua. At vero eos et accusam et justo duo dolores et ea rebum. Stet clita kasd gubergren, no sea takimata sanctus est Lorem ipsum dolor sit amet. \r\n\r\nDuis autem vel eum iriure dolor in hendrerit in vulputate velit esse molestie consequat, vel illum dolore eu feugiat nulla facilisis at vero eros et accumsan et iusto odio dignissim qui blandit praesent luptatum zzril delenit augue duis dolore te feugait nulla facilisi. Lorem ipsum dolor sit amet, consectetuer adipiscing elit, sed diam nonummy nibh euismod tincidunt ut laoreet dolore magna aliquam erat volutpat. \r\n\r\nUt wisi enim ad minim veniam, quis nostrud exerci tation ullamcorper suscipit lobortis nisl ut aliquip ex ea commodo consequat. Duis autem vel eum iriure dolor in hendrerit in vulputate velit esse molestie consequat, vel illum dolore eu feugiat nulla facilisis at vero eros et accumsan et iusto odio dignissim qui blandit praesent luptatum zzril delenit augue duis dolore te feugait nulla facilisi. \r\n\r\nNam liber tempor cum soluta nobis eleifend option congue nihil imperdiet doming id quod mazim placerat facer possim assum. Lorem ipsum dolor sit amet, consectetuer adipiscing elit, sed diam nonummy nibh euismod tincidunt ut laoreet dolore magna aliquam erat volutpat. Ut wisi enim ad minim veniam, quis nostrud exerci tation ullamcorper suscipit lobortis nisl ut aliquip ex ea commodo consequat. ', '10.99', 1, 1, 0),
(14, '2021-01-09 11:23:19', '2021-01-09 11:30:26', 'Sci-Fi-Stoff Maske (grün)', 'Hier könnte Ihre CatchPhrase stehen', 'Lorem ipsum dolor sit amet, consetetur sadipscing elitr, sed diam nonumy eirmod tempor invidunt ut labore et dolore magna aliquyam erat, sed diam voluptua. At vero eos et accusam et justo duo dolores et ea rebum. Stet clita kasd gubergren, no sea takimata sanctus est Lorem ipsum dolor sit amet. Lorem ipsum dolor sit amet, consetetur sadipscing elitr, sed diam nonumy eirmod tempor invidunt ut labore et dolore magna aliquyam erat, sed diam voluptua. At vero eos et accusam et justo duo dolores et ea rebum. Stet clita kasd gubergren, no sea takimata sanctus est Lorem ipsum dolor sit amet. Lorem ipsum dolor sit amet, consetetur sadipscing elitr, sed diam nonumy eirmod tempor invidunt ut labore et dolore magna aliquyam erat, sed diam voluptua. At vero eos et accusam et justo duo dolores et ea rebum. Stet clita kasd gubergren, no sea takimata sanctus est Lorem ipsum dolor sit amet. \r\n\r\nDuis autem vel eum iriure dolor in hendrerit in vulputate velit esse molestie consequat, vel illum dolore eu feugiat nulla facilisis at vero eros et accumsan et iusto odio dignissim qui blandit praesent luptatum zzril delenit augue duis dolore te feugait nulla facilisi. Lorem ipsum dolor sit amet, consectetuer adipiscing elit, sed diam nonummy nibh euismod tincidunt ut laoreet dolore magna aliquam erat volutpat. \r\n\r\nUt wisi enim ad minim veniam, quis nostrud exerci tation ullamcorper suscipit lobortis nisl ut aliquip ex ea commodo consequat. Duis autem vel eum iriure dolor in hendrerit in vulputate velit esse molestie consequat, vel illum dolore eu feugiat nulla facilisis at vero eros et accumsan et iusto odio dignissim qui blandit praesent luptatum zzril delenit augue duis dolore te feugait nulla facilisi. \r\n\r\nNam liber tempor cum soluta nobis eleifend option congue nihil imperdiet doming id quod mazim placerat facer possim assum. Lorem ipsum dolor sit amet, consectetuer adipiscing elit, sed diam nonummy nibh euismod tincidunt ut laoreet dolore magna aliquam erat volutpat. Ut wisi enim ad minim veniam, quis nostrud exerci tation ullamcorper suscipit lobortis nisl ut aliquip ex ea commodo consequat. ', '10.99', 2, 2, 0),
(15, '2021-01-09 11:24:05', '2021-01-09 11:24:20', 'Sci-Fi-Stoff Maske (rot)', 'Hier könnte Ihre CatchPhrase stehen', 'Lorem ipsum dolor sit amet, consetetur sadipscing elitr, sed diam nonumy eirmod tempor invidunt ut labore et dolore magna aliquyam erat, sed diam voluptua. At vero eos et accusam et justo duo dolores et ea rebum. Stet clita kasd gubergren, no sea takimata sanctus est Lorem ipsum dolor sit amet. Lorem ipsum dolor sit amet, consetetur sadipscing elitr, sed diam nonumy eirmod tempor invidunt ut labore et dolore magna aliquyam erat, sed diam voluptua. At vero eos et accusam et justo duo dolores et ea rebum. Stet clita kasd gubergren, no sea takimata sanctus est Lorem ipsum dolor sit amet. Lorem ipsum dolor sit amet, consetetur sadipscing elitr, sed diam nonumy eirmod tempor invidunt ut labore et dolore magna aliquyam erat, sed diam voluptua. At vero eos et accusam et justo duo dolores et ea rebum. Stet clita kasd gubergren, no sea takimata sanctus est Lorem ipsum dolor sit amet. \r\n\r\nDuis autem vel eum iriure dolor in hendrerit in vulputate velit esse molestie consequat, vel illum dolore eu feugiat nulla facilisis at vero eros et accumsan et iusto odio dignissim qui blandit praesent luptatum zzril delenit augue duis dolore te feugait nulla facilisi. Lorem ipsum dolor sit amet, consectetuer adipiscing elit, sed diam nonummy nibh euismod tincidunt ut laoreet dolore magna aliquam erat volutpat. \r\n\r\nUt wisi enim ad minim veniam, quis nostrud exerci tation ullamcorper suscipit lobortis nisl ut aliquip ex ea commodo consequat. Duis autem vel eum iriure dolor in hendrerit in vulputate velit esse molestie consequat, vel illum dolore eu feugiat nulla facilisis at vero eros et accumsan et iusto odio dignissim qui blandit praesent luptatum zzril delenit augue duis dolore te feugait nulla facilisi. \r\n\r\nNam liber tempor cum soluta nobis eleifend option congue nihil imperdiet doming id quod mazim placerat facer possim assum. Lorem ipsum dolor sit amet, consectetuer adipiscing elit, sed diam nonummy nibh euismod tincidunt ut laoreet dolore magna aliquam erat volutpat. Ut wisi enim ad minim veniam, quis nostrud exerci tation ullamcorper suscipit lobortis nisl ut aliquip ex ea commodo consequat. ', '10.99', 2, 2, 0),
(16, '2021-01-09 11:24:50', NULL, 'Sci-Fi-Stoff Maske (lila)', 'Hier könnte Ihre CatchPhrase stehen', 'Lorem ipsum dolor sit amet, consetetur sadipscing elitr, sed diam nonumy eirmod tempor invidunt ut labore et dolore magna aliquyam erat, sed diam voluptua. At vero eos et accusam et justo duo dolores et ea rebum. Stet clita kasd gubergren, no sea takimata sanctus est Lorem ipsum dolor sit amet. Lorem ipsum dolor sit amet, consetetur sadipscing elitr, sed diam nonumy eirmod tempor invidunt ut labore et dolore magna aliquyam erat, sed diam voluptua. At vero eos et accusam et justo duo dolores et ea rebum. Stet clita kasd gubergren, no sea takimata sanctus est Lorem ipsum dolor sit amet. Lorem ipsum dolor sit amet, consetetur sadipscing elitr, sed diam nonumy eirmod tempor invidunt ut labore et dolore magna aliquyam erat, sed diam voluptua. At vero eos et accusam et justo duo dolores et ea rebum. Stet clita kasd gubergren, no sea takimata sanctus est Lorem ipsum dolor sit amet. \r\n\r\nDuis autem vel eum iriure dolor in hendrerit in vulputate velit esse molestie consequat, vel illum dolore eu feugiat nulla facilisis at vero eros et accumsan et iusto odio dignissim qui blandit praesent luptatum zzril delenit augue duis dolore te feugait nulla facilisi. Lorem ipsum dolor sit amet, consectetuer adipiscing elit, sed diam nonummy nibh euismod tincidunt ut laoreet dolore magna aliquam erat volutpat. \r\n\r\nUt wisi enim ad minim veniam, quis nostrud exerci tation ullamcorper suscipit lobortis nisl ut aliquip ex ea commodo consequat. Duis autem vel eum iriure dolor in hendrerit in vulputate velit esse molestie consequat, vel illum dolore eu feugiat nulla facilisis at vero eros et accumsan et iusto odio dignissim qui blandit praesent luptatum zzril delenit augue duis dolore te feugait nulla facilisi. \r\n\r\nNam liber tempor cum soluta nobis eleifend option congue nihil imperdiet doming id quod mazim placerat facer possim assum. Lorem ipsum dolor sit amet, consectetuer adipiscing elit, sed diam nonummy nibh euismod tincidunt ut laoreet dolore magna aliquam erat volutpat. Ut wisi enim ad minim veniam, quis nostrud exerci tation ullamcorper suscipit lobortis nisl ut aliquip ex ea commodo consequat. ', '10.99', 2, 2, 0),
(17, '2021-01-09 11:25:19', NULL, 'Sci-Fi-Stoff Maske (gelb)', 'Hier könnte Ihre CatchPhrase stehen', 'Lorem ipsum dolor sit amet, consetetur sadipscing elitr, sed diam nonumy eirmod tempor invidunt ut labore et dolore magna aliquyam erat, sed diam voluptua. At vero eos et accusam et justo duo dolores et ea rebum. Stet clita kasd gubergren, no sea takimata sanctus est Lorem ipsum dolor sit amet. Lorem ipsum dolor sit amet, consetetur sadipscing elitr, sed diam nonumy eirmod tempor invidunt ut labore et dolore magna aliquyam erat, sed diam voluptua. At vero eos et accusam et justo duo dolores et ea rebum. Stet clita kasd gubergren, no sea takimata sanctus est Lorem ipsum dolor sit amet. Lorem ipsum dolor sit amet, consetetur sadipscing elitr, sed diam nonumy eirmod tempor invidunt ut labore et dolore magna aliquyam erat, sed diam voluptua. At vero eos et accusam et justo duo dolores et ea rebum. Stet clita kasd gubergren, no sea takimata sanctus est Lorem ipsum dolor sit amet. \r\n\r\nDuis autem vel eum iriure dolor in hendrerit in vulputate velit esse molestie consequat, vel illum dolore eu feugiat nulla facilisis at vero eros et accumsan et iusto odio dignissim qui blandit praesent luptatum zzril delenit augue duis dolore te feugait nulla facilisi. Lorem ipsum dolor sit amet, consectetuer adipiscing elit, sed diam nonummy nibh euismod tincidunt ut laoreet dolore magna aliquam erat volutpat. \r\n\r\nUt wisi enim ad minim veniam, quis nostrud exerci tation ullamcorper suscipit lobortis nisl ut aliquip ex ea commodo consequat. Duis autem vel eum iriure dolor in hendrerit in vulputate velit esse molestie consequat, vel illum dolore eu feugiat nulla facilisis at vero eros et accumsan et iusto odio dignissim qui blandit praesent luptatum zzril delenit augue duis dolore te feugait nulla facilisi. \r\n\r\nNam liber tempor cum soluta nobis eleifend option congue nihil imperdiet doming id quod mazim placerat facer possim assum. Lorem ipsum dolor sit amet, consectetuer adipiscing elit, sed diam nonummy nibh euismod tincidunt ut laoreet dolore magna aliquam erat volutpat. Ut wisi enim ad minim veniam, quis nostrud exerci tation ullamcorper suscipit lobortis nisl ut aliquip ex ea commodo consequat. ', '10.99', 2, 2, 0),
(18, '2021-01-09 11:26:39', NULL, 'Glanzschuppen-Maske (blau)', 'Hier könnte Ihre CatchPhrase stehen', 'Lorem ipsum dolor sit amet, consetetur sadipscing elitr, sed diam nonumy eirmod tempor invidunt ut labore et dolore magna aliquyam erat, sed diam voluptua. At vero eos et accusam et justo duo dolores et ea rebum. Stet clita kasd gubergren, no sea takimata sanctus est Lorem ipsum dolor sit amet. Lorem ipsum dolor sit amet, consetetur sadipscing elitr, sed diam nonumy eirmod tempor invidunt ut labore et dolore magna aliquyam erat, sed diam voluptua. At vero eos et accusam et justo duo dolores et ea rebum. Stet clita kasd gubergren, no sea takimata sanctus est Lorem ipsum dolor sit amet. Lorem ipsum dolor sit amet, consetetur sadipscing elitr, sed diam nonumy eirmod tempor invidunt ut labore et dolore magna aliquyam erat, sed diam voluptua. At vero eos et accusam et justo duo dolores et ea rebum. Stet clita kasd gubergren, no sea takimata sanctus est Lorem ipsum dolor sit amet. \r\n\r\nDuis autem vel eum iriure dolor in hendrerit in vulputate velit esse molestie consequat, vel illum dolore eu feugiat nulla facilisis at vero eros et accumsan et iusto odio dignissim qui blandit praesent luptatum zzril delenit augue duis dolore te feugait nulla facilisi. Lorem ipsum dolor sit amet, consectetuer adipiscing elit, sed diam nonummy nibh euismod tincidunt ut laoreet dolore magna aliquam erat volutpat. \r\n\r\nUt wisi enim ad minim veniam, quis nostrud exerci tation ullamcorper suscipit lobortis nisl ut aliquip ex ea commodo consequat. Duis autem vel eum iriure dolor in hendrerit in vulputate velit esse molestie consequat, vel illum dolore eu feugiat nulla facilisis at vero eros et accumsan et iusto odio dignissim qui blandit praesent luptatum zzril delenit augue duis dolore te feugait nulla facilisi. \r\n\r\nNam liber tempor cum soluta nobis eleifend option congue nihil imperdiet doming id quod mazim placerat facer possim assum. Lorem ipsum dolor sit amet, consectetuer adipiscing elit, sed diam nonummy nibh euismod tincidunt ut laoreet dolore magna aliquam erat volutpat. Ut wisi enim ad minim veniam, quis nostrud exerci tation ullamcorper suscipit lobortis nisl ut aliquip ex ea commodo consequat. ', '10.99', 2, 1, 0),
(19, '2021-01-09 11:27:06', NULL, 'Glanzschuppen-Maske (rot)', 'Hier könnte Ihre CatchPhrase stehen', 'Lorem ipsum dolor sit amet, consetetur sadipscing elitr, sed diam nonumy eirmod tempor invidunt ut labore et dolore magna aliquyam erat, sed diam voluptua. At vero eos et accusam et justo duo dolores et ea rebum. Stet clita kasd gubergren, no sea takimata sanctus est Lorem ipsum dolor sit amet. Lorem ipsum dolor sit amet, consetetur sadipscing elitr, sed diam nonumy eirmod tempor invidunt ut labore et dolore magna aliquyam erat, sed diam voluptua. At vero eos et accusam et justo duo dolores et ea rebum. Stet clita kasd gubergren, no sea takimata sanctus est Lorem ipsum dolor sit amet. Lorem ipsum dolor sit amet, consetetur sadipscing elitr, sed diam nonumy eirmod tempor invidunt ut labore et dolore magna aliquyam erat, sed diam voluptua. At vero eos et accusam et justo duo dolores et ea rebum. Stet clita kasd gubergren, no sea takimata sanctus est Lorem ipsum dolor sit amet. \r\n\r\nDuis autem vel eum iriure dolor in hendrerit in vulputate velit esse molestie consequat, vel illum dolore eu feugiat nulla facilisis at vero eros et accumsan et iusto odio dignissim qui blandit praesent luptatum zzril delenit augue duis dolore te feugait nulla facilisi. Lorem ipsum dolor sit amet, consectetuer adipiscing elit, sed diam nonummy nibh euismod tincidunt ut laoreet dolore magna aliquam erat volutpat. \r\n\r\nUt wisi enim ad minim veniam, quis nostrud exerci tation ullamcorper suscipit lobortis nisl ut aliquip ex ea commodo consequat. Duis autem vel eum iriure dolor in hendrerit in vulputate velit esse molestie consequat, vel illum dolore eu feugiat nulla facilisis at vero eros et accumsan et iusto odio dignissim qui blandit praesent luptatum zzril delenit augue duis dolore te feugait nulla facilisi. \r\n\r\nNam liber tempor cum soluta nobis eleifend option congue nihil imperdiet doming id quod mazim placerat facer possim assum. Lorem ipsum dolor sit amet, consectetuer adipiscing elit, sed diam nonummy nibh euismod tincidunt ut laoreet dolore magna aliquam erat volutpat. Ut wisi enim ad minim veniam, quis nostrud exerci tation ullamcorper suscipit lobortis nisl ut aliquip ex ea commodo consequat. ', '10.99', 2, 1, 0),
(20, '2021-01-09 11:27:38', NULL, 'Glanzschuppen-Maske (regenbogenfarben)', 'Hier könnte Ihre CatchPhrase stehen', 'Lorem ipsum dolor sit amet, consetetur sadipscing elitr, sed diam nonumy eirmod tempor invidunt ut labore et dolore magna aliquyam erat, sed diam voluptua. At vero eos et accusam et justo duo dolores et ea rebum. Stet clita kasd gubergren, no sea takimata sanctus est Lorem ipsum dolor sit amet. Lorem ipsum dolor sit amet, consetetur sadipscing elitr, sed diam nonumy eirmod tempor invidunt ut labore et dolore magna aliquyam erat, sed diam voluptua. At vero eos et accusam et justo duo dolores et ea rebum. Stet clita kasd gubergren, no sea takimata sanctus est Lorem ipsum dolor sit amet. Lorem ipsum dolor sit amet, consetetur sadipscing elitr, sed diam nonumy eirmod tempor invidunt ut labore et dolore magna aliquyam erat, sed diam voluptua. At vero eos et accusam et justo duo dolores et ea rebum. Stet clita kasd gubergren, no sea takimata sanctus est Lorem ipsum dolor sit amet. \r\n\r\nDuis autem vel eum iriure dolor in hendrerit in vulputate velit esse molestie consequat, vel illum dolore eu feugiat nulla facilisis at vero eros et accumsan et iusto odio dignissim qui blandit praesent luptatum zzril delenit augue duis dolore te feugait nulla facilisi. Lorem ipsum dolor sit amet, consectetuer adipiscing elit, sed diam nonummy nibh euismod tincidunt ut laoreet dolore magna aliquam erat volutpat. \r\n\r\nUt wisi enim ad minim veniam, quis nostrud exerci tation ullamcorper suscipit lobortis nisl ut aliquip ex ea commodo consequat. Duis autem vel eum iriure dolor in hendrerit in vulputate velit esse molestie consequat, vel illum dolore eu feugiat nulla facilisis at vero eros et accumsan et iusto odio dignissim qui blandit praesent luptatum zzril delenit augue duis dolore te feugait nulla facilisi. \r\n\r\nNam liber tempor cum soluta nobis eleifend option congue nihil imperdiet doming id quod mazim placerat facer possim assum. Lorem ipsum dolor sit amet, consectetuer adipiscing elit, sed diam nonummy nibh euismod tincidunt ut laoreet dolore magna aliquam erat volutpat. Ut wisi enim ad minim veniam, quis nostrud exerci tation ullamcorper suscipit lobortis nisl ut aliquip ex ea commodo consequat. ', '19.99', 2, 1, 0),
(21, '2021-01-09 11:28:07', NULL, 'Jeans Maske (braun)', 'Hier könnte Ihre CatchPhrase stehen', 'Lorem ipsum dolor sit amet, consetetur sadipscing elitr, sed diam nonumy eirmod tempor invidunt ut labore et dolore magna aliquyam erat, sed diam voluptua. At vero eos et accusam et justo duo dolores et ea rebum. Stet clita kasd gubergren, no sea takimata sanctus est Lorem ipsum dolor sit amet. Lorem ipsum dolor sit amet, consetetur sadipscing elitr, sed diam nonumy eirmod tempor invidunt ut labore et dolore magna aliquyam erat, sed diam voluptua. At vero eos et accusam et justo duo dolores et ea rebum. Stet clita kasd gubergren, no sea takimata sanctus est Lorem ipsum dolor sit amet. Lorem ipsum dolor sit amet, consetetur sadipscing elitr, sed diam nonumy eirmod tempor invidunt ut labore et dolore magna aliquyam erat, sed diam voluptua. At vero eos et accusam et justo duo dolores et ea rebum. Stet clita kasd gubergren, no sea takimata sanctus est Lorem ipsum dolor sit amet. \r\n\r\nDuis autem vel eum iriure dolor in hendrerit in vulputate velit esse molestie consequat, vel illum dolore eu feugiat nulla facilisis at vero eros et accumsan et iusto odio dignissim qui blandit praesent luptatum zzril delenit augue duis dolore te feugait nulla facilisi. Lorem ipsum dolor sit amet, consectetuer adipiscing elit, sed diam nonummy nibh euismod tincidunt ut laoreet dolore magna aliquam erat volutpat. \r\n\r\nUt wisi enim ad minim veniam, quis nostrud exerci tation ullamcorper suscipit lobortis nisl ut aliquip ex ea commodo consequat. Duis autem vel eum iriure dolor in hendrerit in vulputate velit esse molestie consequat, vel illum dolore eu feugiat nulla facilisis at vero eros et accumsan et iusto odio dignissim qui blandit praesent luptatum zzril delenit augue duis dolore te feugait nulla facilisi. \r\n\r\nNam liber tempor cum soluta nobis eleifend option congue nihil imperdiet doming id quod mazim placerat facer possim assum. Lorem ipsum dolor sit amet, consectetuer adipiscing elit, sed diam nonummy nibh euismod tincidunt ut laoreet dolore magna aliquam erat volutpat. Ut wisi enim ad minim veniam, quis nostrud exerci tation ullamcorper suscipit lobortis nisl ut aliquip ex ea commodo consequat. ', '10.99', 2, 1, 0),
(22, '2021-01-09 11:28:51', NULL, 'Jeans Maske (blau)', 'Hier könnte Ihre CatchPhrase stehen', 'Lorem ipsum dolor sit amet, consetetur sadipscing elitr, sed diam nonumy eirmod tempor invidunt ut labore et dolore magna aliquyam erat, sed diam voluptua. At vero eos et accusam et justo duo dolores et ea rebum. Stet clita kasd gubergren, no sea takimata sanctus est Lorem ipsum dolor sit amet. Lorem ipsum dolor sit amet, consetetur sadipscing elitr, sed diam nonumy eirmod tempor invidunt ut labore et dolore magna aliquyam erat, sed diam voluptua. At vero eos et accusam et justo duo dolores et ea rebum. Stet clita kasd gubergren, no sea takimata sanctus est Lorem ipsum dolor sit amet. Lorem ipsum dolor sit amet, consetetur sadipscing elitr, sed diam nonumy eirmod tempor invidunt ut labore et dolore magna aliquyam erat, sed diam voluptua. At vero eos et accusam et justo duo dolores et ea rebum. Stet clita kasd gubergren, no sea takimata sanctus est Lorem ipsum dolor sit amet. \r\n\r\nDuis autem vel eum iriure dolor in hendrerit in vulputate velit esse molestie consequat, vel illum dolore eu feugiat nulla facilisis at vero eros et accumsan et iusto odio dignissim qui blandit praesent luptatum zzril delenit augue duis dolore te feugait nulla facilisi. Lorem ipsum dolor sit amet, consectetuer adipiscing elit, sed diam nonummy nibh euismod tincidunt ut laoreet dolore magna aliquam erat volutpat. \r\n\r\nUt wisi enim ad minim veniam, quis nostrud exerci tation ullamcorper suscipit lobortis nisl ut aliquip ex ea commodo consequat. Duis autem vel eum iriure dolor in hendrerit in vulputate velit esse molestie consequat, vel illum dolore eu feugiat nulla facilisis at vero eros et accumsan et iusto odio dignissim qui blandit praesent luptatum zzril delenit augue duis dolore te feugait nulla facilisi. \r\n\r\nNam liber tempor cum soluta nobis eleifend option congue nihil imperdiet doming id quod mazim placerat facer possim assum. Lorem ipsum dolor sit amet, consectetuer adipiscing elit, sed diam nonummy nibh euismod tincidunt ut laoreet dolore magna aliquam erat volutpat. Ut wisi enim ad minim veniam, quis nostrud exerci tation ullamcorper suscipit lobortis nisl ut aliquip ex ea commodo consequat. ', '10.99', 2, 1, 0);
INSERT INTO `products` (`id`, `createdAt`, `updatedAt`, `productName`, `catchPhrase`, `productDescription`, `standardPrice`, `categoryID`, `vendorID`, `isHidden`) VALUES
(23, '2021-01-09 11:29:42', NULL, 'Jeans Maske (grün)', 'Hier könnte Ihre CatchPhrase stehen', 'Lorem ipsum dolor sit amet, consetetur sadipscing elitr, sed diam nonumy eirmod tempor invidunt ut labore et dolore magna aliquyam erat, sed diam voluptua. At vero eos et accusam et justo duo dolores et ea rebum. Stet clita kasd gubergren, no sea takimata sanctus est Lorem ipsum dolor sit amet. Lorem ipsum dolor sit amet, consetetur sadipscing elitr, sed diam nonumy eirmod tempor invidunt ut labore et dolore magna aliquyam erat, sed diam voluptua. At vero eos et accusam et justo duo dolores et ea rebum. Stet clita kasd gubergren, no sea takimata sanctus est Lorem ipsum dolor sit amet. Lorem ipsum dolor sit amet, consetetur sadipscing elitr, sed diam nonumy eirmod tempor invidunt ut labore et dolore magna aliquyam erat, sed diam voluptua. At vero eos et accusam et justo duo dolores et ea rebum. Stet clita kasd gubergren, no sea takimata sanctus est Lorem ipsum dolor sit amet. \r\n\r\nDuis autem vel eum iriure dolor in hendrerit in vulputate velit esse molestie consequat, vel illum dolore eu feugiat nulla facilisis at vero eros et accumsan et iusto odio dignissim qui blandit praesent luptatum zzril delenit augue duis dolore te feugait nulla facilisi. Lorem ipsum dolor sit amet, consectetuer adipiscing elit, sed diam nonummy nibh euismod tincidunt ut laoreet dolore magna aliquam erat volutpat. \r\n\r\nUt wisi enim ad minim veniam, quis nostrud exerci tation ullamcorper suscipit lobortis nisl ut aliquip ex ea commodo consequat. Duis autem vel eum iriure dolor in hendrerit in vulputate velit esse molestie consequat, vel illum dolore eu feugiat nulla facilisis at vero eros et accumsan et iusto odio dignissim qui blandit praesent luptatum zzril delenit augue duis dolore te feugait nulla facilisi. \r\n\r\nNam liber tempor cum soluta nobis eleifend option congue nihil imperdiet doming id quod mazim placerat facer possim assum. Lorem ipsum dolor sit amet, consectetuer adipiscing elit, sed diam nonummy nibh euismod tincidunt ut laoreet dolore magna aliquam erat volutpat. Ut wisi enim ad minim veniam, quis nostrud exerci tation ullamcorper suscipit lobortis nisl ut aliquip ex ea commodo consequat. ', '10.99', 2, 1, 0),
(24, '2021-01-09 12:02:51', NULL, 'Mr. Bean Maske (entstellt)', 'Hier könnte Ihre CatchPhrase stehen', 'Lorem ipsum dolor sit amet, consetetur sadipscing elitr, sed diam nonumy eirmod tempor invidunt ut labore et dolore magna aliquyam erat, sed diam voluptua. At vero eos et accusam et justo duo dolores et ea rebum. Stet clita kasd gubergren, no sea takimata sanctus est Lorem ipsum dolor sit amet. Lorem ipsum dolor sit amet, consetetur sadipscing elitr, sed diam nonumy eirmod tempor invidunt ut labore et dolore magna aliquyam erat, sed diam voluptua. At vero eos et accusam et justo duo dolores et ea rebum. Stet clita kasd gubergren, no sea takimata sanctus est Lorem ipsum dolor sit amet. Lorem ipsum dolor sit amet, consetetur sadipscing elitr, sed diam nonumy eirmod tempor invidunt ut labore et dolore magna aliquyam erat, sed diam voluptua. At vero eos et accusam et justo duo dolores et ea rebum. Stet clita kasd gubergren, no sea takimata sanctus est Lorem ipsum dolor sit amet. \r\n\r\nDuis autem vel eum iriure dolor in hendrerit in vulputate velit esse molestie consequat, vel illum dolore eu feugiat nulla facilisis at vero eros et accumsan et iusto odio dignissim qui blandit praesent luptatum zzril delenit augue duis dolore te feugait nulla facilisi. Lorem ipsum dolor sit amet, consectetuer adipiscing elit, sed diam nonummy nibh euismod tincidunt ut laoreet dolore magna aliquam erat volutpat. \r\n\r\nUt wisi enim ad minim veniam, quis nostrud exerci tation ullamcorper suscipit lobortis nisl ut aliquip ex ea commodo consequat. Duis autem vel eum iriure dolor in hendrerit in vulputate velit esse molestie consequat, vel illum dolore eu feugiat nulla facilisis at vero eros et accumsan et iusto odio dignissim qui blandit praesent luptatum zzril delenit augue duis dolore te feugait nulla facilisi. \r\n\r\nNam liber tempor cum soluta nobis eleifend option congue nihil imperdiet doming id quod mazim placerat facer possim assum. Lorem ipsum dolor sit amet, consectetuer adipiscing elit, sed diam nonummy nibh euismod tincidunt ut laoreet dolore magna aliquam erat volutpat. Ut wisi enim ad minim veniam, quis nostrud exerci tation ullamcorper suscipit lobortis nisl ut aliquip ex ea commodo consequat. \r\n\r\nDuis autem vel eum iriure dolor in hendrerit in vulputate velit esse molestie consequat, vel illum dolore eu feugiat nulla facilisis. ', '12.99', 3, 2, 0);

--
-- Daten für Tabelle `productimages`
--

INSERT INTO `productimages` (`id`, `createdAt`, `updatedAt`, `imagesID`, `productsID`) VALUES
(1, '2021-01-09 11:15:47', NULL, 1, 1),
(2, '2021-01-09 11:16:33', NULL, 2, 1),
(3, '2021-01-09 11:16:33', NULL, 3, 1),
(4, '2021-01-09 11:17:18', NULL, 4, 2),
(5, '2021-01-09 11:17:25', NULL, 5, 2),
(6, '2021-01-09 11:17:25', NULL, 6, 2),
(7, '2021-01-09 11:17:45', NULL, 7, 3),
(8, '2021-01-09 11:17:53', NULL, 8, 3),
(9, '2021-01-09 11:17:53', NULL, 9, 3),
(10, '2021-01-09 11:18:09', NULL, 10, 4),
(11, '2021-01-09 11:18:16', NULL, 11, 4),
(12, '2021-01-09 11:18:16', NULL, 12, 4),
(13, '2021-01-09 11:18:37', NULL, 13, 5),
(14, '2021-01-09 11:18:45', NULL, 14, 5),
(15, '2021-01-09 11:18:45', NULL, 15, 5),
(16, '2021-01-09 11:19:08', NULL, 16, 6),
(17, '2021-01-09 11:19:15', NULL, 17, 6),
(18, '2021-01-09 11:19:15', NULL, 18, 6),
(19, '2021-01-09 11:19:33', NULL, 19, 7),
(20, '2021-01-09 11:19:39', NULL, 20, 7),
(21, '2021-01-09 11:19:39', NULL, 21, 7),
(22, '2021-01-09 11:20:00', NULL, 22, 8),
(23, '2021-01-09 11:20:08', NULL, 23, 8),
(24, '2021-01-09 11:20:08', NULL, 24, 8),
(25, '2021-01-09 11:20:26', NULL, 25, 9),
(26, '2021-01-09 11:20:34', NULL, 26, 9),
(27, '2021-01-09 11:20:34', NULL, 27, 9),
(28, '2021-01-09 11:21:02', NULL, 28, 10),
(29, '2021-01-09 11:21:08', NULL, 29, 10),
(30, '2021-01-09 11:21:08', NULL, 30, 10),
(31, '2021-01-09 11:21:23', NULL, 31, 11),
(32, '2021-01-09 11:21:58', NULL, 32, 11),
(33, '2021-01-09 11:21:58', NULL, 33, 11),
(34, '2021-01-09 11:22:19', NULL, 34, 12),
(35, '2021-01-09 11:22:27', NULL, 35, 12),
(36, '2021-01-09 11:22:27', NULL, 36, 12),
(37, '2021-01-09 11:22:42', NULL, 37, 13),
(38, '2021-01-09 11:22:49', NULL, 38, 13),
(39, '2021-01-09 11:22:49', NULL, 39, 13),
(40, '2021-01-09 11:23:19', NULL, 40, 14),
(41, '2021-01-09 11:23:26', NULL, 41, 14),
(42, '2021-01-09 11:23:26', NULL, 42, 14),
(43, '2021-01-09 11:24:05', NULL, 43, 15),
(44, '2021-01-09 11:24:12', NULL, 44, 15),
(45, '2021-01-09 11:24:12', NULL, 45, 15),
(46, '2021-01-09 11:24:50', NULL, 46, 16),
(47, '2021-01-09 11:24:58', NULL, 47, 16),
(48, '2021-01-09 11:24:58', NULL, 48, 16),
(49, '2021-01-09 11:25:19', NULL, 49, 17),
(50, '2021-01-09 11:25:26', NULL, 50, 17),
(51, '2021-01-09 11:25:26', NULL, 51, 17),
(52, '2021-01-09 11:26:39', NULL, 52, 18),
(53, '2021-01-09 11:26:46', NULL, 53, 18),
(54, '2021-01-09 11:26:46', NULL, 54, 18),
(55, '2021-01-09 11:27:06', NULL, 55, 19),
(56, '2021-01-09 11:27:13', NULL, 56, 19),
(57, '2021-01-09 11:27:13', NULL, 57, 19),
(58, '2021-01-09 11:27:38', NULL, 58, 20),
(59, '2021-01-09 11:27:45', NULL, 59, 20),
(60, '2021-01-09 11:27:45', NULL, 60, 20),
(61, '2021-01-09 11:28:07', NULL, 61, 21),
(62, '2021-01-09 11:28:13', NULL, 62, 21),
(63, '2021-01-09 11:28:13', NULL, 63, 21),
(64, '2021-01-09 11:28:51', NULL, 64, 22),
(65, '2021-01-09 11:28:58', NULL, 65, 22),
(66, '2021-01-09 11:28:58', NULL, 66, 22),
(67, '2021-01-09 11:29:42', NULL, 67, 23),
(68, '2021-01-09 11:29:49', NULL, 68, 23),
(69, '2021-01-09 11:29:49', NULL, 69, 23),
(70, '2021-01-09 12:02:51', NULL, 70, 24),
(71, '2021-01-09 12:08:49', NULL, 71, 24),
(72, '2021-01-09 12:21:32', NULL, 72, 24);


/*!40101 SET CHARACTER_SET_CLIENT=@OLD_CHARACTER_SET_CLIENT */;
/*!40101 SET CHARACTER_SET_RESULTS=@OLD_CHARACTER_SET_RESULTS */;
/*!40101 SET COLLATION_CONNECTION=@OLD_COLLATION_CONNECTION */;
